Date,Open,High,Low,Adj Close,Volume
2004-08-25,123.29,123.29,100.7,101.62,166417913.68
2004-08-26,102.03,102.54,100.31,100.7,49152304.06
2004-08-27,101.04,101.04,98.59,99.01,37245359.16
2004-08-30,99.76,101.83,99.25,101.49,29733585.42
2004-08-31,101.47,101.83,100.38,101.63,25758747.48
2004-09-01,101.83,102.34,101.17,101.61,24228496.28
2004-09-02,101.82,103.33,101.41,102.2,25955263.38
2004-09-03,103.47,113.14,101.86,102.63,11995246.74
2004-09-06,106.96,106.96,102.13,102.32,10985074.24
2004-09-07,106.46,106.46,102.34,102.4,7015233.76
2004-09-08,102.44,102.94,101.94,102.21,8013943.2
2004-09-09,102.54,102.64,100.64,100.79,9658543.46
2004-09-10,101.83,101.83,100.38,101.71,7796503.98
2004-09-13,101.93,104.44,101.93,103.21,25406609.54
2004-09-14,103.37,104.79,103.16,104.46,18637837.32
2004-09-15,104.7,104.91,102.98,103.48,14569865.32
2004-09-16,103.57,104.4,103.11,103.73,8942755.84
2004-09-17,104.09,105.93,103.91,105.37,17777890.76
2004-09-20,106.19,106.64,104.93,105.21,10393873.76
2004-09-21,105.41,107.84,105.12,107.57,16889699.66
2004-09-22,107.83,108.61,106.66,108.21,18681725.76
2004-09-23,107.79,107.89,105.63,105.97,19226315.46
2004-09-24,105.85,106.97,105.52,105.82,9823859.06
2004-09-27,105.68,106.2,104.4,104.99,10001668.42
2004-09-28,104.49,105.67,104.14,104.45,7704556.1
2004-09-29,104.83,106.25,104.51,106.05,14264678.44
2004-09-30,106.51,107.06,104.98,105.64,15217817.42
2004-10-01,105.84,108.66,105.56,107.76,13330946.08
2004-10-04,108.72,111.18,108.46,110.72,18387904.76
2004-10-05,111.11,112.01,110.62,111.15,17429564.14
2004-10-06,111.18,113.43,110.58,111.25,21475893.36
2004-10-07,111.39,113.14,111.39,112.84,12250799.08
2004-10-08,112.93,114.27,112.63,112.94,10402011.66
2004-10-09,113.13,113.53,112.55,113.21,2513705.66
2004-10-11,113.14,114.33,111.6,112.04,11341636.02
2004-10-12,114.17,114.68,110.84,111.54,18959951.46
2004-10-14,113.45,115.61,111.91,114.8,23366138.46
2004-10-15,115.37,117.35,114.91,115.81,21632769.64
2004-10-18,116.64,117.46,115.73,116.97,16642090.82
2004-10-19,117.26,118.15,116.85,117.58,14301080.36
2004-10-20,117.75,118.27,116.12,116.56,8758762.86
2004-10-21,116.97,117.15,115.4,115.76,7794617.74
2004-10-25,115.71,115.91,114.25,114.92,11412388.36
2004-10-26,114.74,117.35,114.74,116.96,8425671.74
2004-10-27,117.48,118.07,116.76,117.24,9525429.5
2004-10-28,118.08,121.15,118.08,120.24,22535456.02
2004-10-29,120.45,120.45,118.09,119.24,10499311.76
2004-11-01,118.6,121.11,117.8,120.72,7439610.5
2004-11-02,116.54,121.66,116.02,119.59,10744484.66
2004-11-03,119.73,122.1,119.73,121.19,10882785.32
2004-11-04,121.87,122.5,120.42,120.7,7946577.24
2004-11-05,121.06,121.68,119.62,120.19,6089622.54
2004-11-08,120.14,122.61,119.21,122.11,12475046.74
2004-11-09,122.41,123.54,121.38,122.55,8895568.86
2004-11-10,122.82,123.65,122.73,123.16,6950903.52
2004-11-11,123.65,124.1,122.83,123.36,6345724.14
2004-11-12,124.16,124.58,122.74,123.41,2198109.94
2004-11-16,123.55,123.55,122.1,122.81,4855243.9
2004-11-17,122.87,124.77,122.87,124.31,6627920.7
2004-11-18,124.73,127.31,124.42,126.95,9057288.14
2004-11-19,127.15,127.56,124.89,125.51,8258039.8
2004-11-22,124.56,126.43,123.23,126.07,5743463.58
2004-11-23,126.91,128.08,126.24,127.41,5227720.94
2004-11-24,127.77,128.4,126.86,127.24,3907105.6
2004-11-25,127.25,128.29,124.65,125.49,7649679.72
2004-11-29,125.4,128.67,124.32,128.28,6401919.06
2004-11-30,128.72,132.62,128.4,131.45,12737373.94
2004-12-01,132.1,132.1,129.62,130.09,10281232.68
2004-12-02,130.46,131.69,127.78,128.14,11706518.96
2004-12-03,128.83,129.51,125.97,127.54,11851384.62
2004-12-06,127.88,128.91,124.63,125.25,13907974.42
2004-12-07,125.4,127.14,125.29,125.63,9531352.48
2004-12-08,125.61,126.49,123.34,123.83,8884291.08
2004-12-09,124.26,125.5,124.25,124.93,4607627.32
2004-12-10,125.81,127.41,125.19,126.39,7535660.74
2004-12-13,126.43,128.04,126.35,127.47,6056147.98
2004-12-14,128.08,128.36,126.88,127.17,3737648.0
2004-12-15,128.29,129.39,127.67,128.45,6997304.36
2004-12-16,128.75,130.46,127.67,130.21,5273384.76
2004-12-17,129.94,131.46,129.12,129.57,6678607.68
2004-12-20,129.94,130.82,129.57,130.2,2749654.42
2004-12-21,130.45,131.69,130.26,131.25,4192211.34
2004-12-22,131.49,131.49,126.85,127.89,7274933.6
2004-12-23,128.67,128.67,126.33,126.62,4786646.32
2004-12-24,127.15,131.17,125.97,130.76,8075122.56
2004-12-27,130.97,132.52,130.16,131.03,5334040.4
2004-12-28,131.17,135.5,130.58,135.03,11654086.5
2004-12-29,135.81,137.87,135.43,136.15,8040416.5
2004-12-30,135.92,136.95,133.22,133.72,6820476.92
2004-12-31,134.06,138.06,133.72,137.72,5938667.06
2005-01-03,137.72,139.91,137.72,139.56,5738488.94
2005-01-04,139.22,139.63,137.49,138.32,6035386.38
2005-01-05,138.21,138.21,132.03,136.64,11641809.92
2005-01-06,136.12,138.8,133.29,136.17,9705493.78
2005-01-07,137.16,138.7,135.37,138.18,9240331.46
2005-01-10,139.08,140.19,136.33,136.9,9117216.5
2005-01-11,137.16,137.7,134.16,135.47,9680630.32
2005-01-12,136.74,141.07,132.7,133.86,25115643.18
2005-01-13,135.1,138.05,131.48,133.33,33646609.1
2005-01-14,134.55,135.91,131.69,133.69,19100678.94
2005-01-17,135.05,135.05,127.9,130.27,16547188.06
2005-01-18,131.45,132.41,129.68,130.34,7495000.6
2005-01-19,130.56,131.35,129.02,129.46,4289153.68
2005-01-20,129.42,129.42,126.85,128.26,5498523.38
2005-01-24,128.26,128.63,125.33,125.88,4397887.78
2005-01-25,125.28,127.87,124.48,127.4,5413343.7
2005-01-27,128.21,129.3,127.39,127.93,6612657.4
2005-01-28,128.17,133.52,128.13,132.95,10174505.88
2005-01-31,133.85,135.29,133.06,134.1,7095138.82
2005-02-01,134.79,136.12,132.73,135.63,9721193.48
2005-02-02,136.02,136.48,134.37,134.99,5903689.48
2005-02-03,135.66,135.95,134.63,135.57,4022761.36
2005-02-04,135.45,136.7,134.48,135.09,3244741.12
2005-02-07,135.72,137.59,134.52,135.84,7185974.14
2005-02-08,135.84,136.8,135.25,136.07,3970556.14
2005-02-09,136.59,138.93,136.56,137.81,6694821.48
2005-02-10,137.53,138.92,136.8,137.79,5290938.16
2005-02-11,138.35,143.42,138.35,142.88,12532802.26
2005-02-14,143.84,146.63,143.84,145.76,10729323.68
2005-02-15,145.79,146.31,142.07,142.84,4807464.44
2005-02-16,144.66,144.66,140.73,141.47,3780033.22
2005-02-17,141.47,143.31,139.66,142.89,4986691.4
2005-02-18,142.69,143.94,140.11,142.18,3076829.48
2005-02-21,141.76,142.26,139.09,141.2,2148402.48
2005-02-22,141.11,141.65,139.7,140.98,2585889.56
2005-02-23,140.98,142.91,140.12,142.17,6246173.78
2005-02-24,142.17,144.34,140.75,141.45,13063926.08
2005-02-25,142.37,142.59,139.92,141.04,6130215.92
2005-02-28,142.59,143.21,138.56,142.79,7739883.32
2005-03-01,142.8,148.9,139.7,140.36,5993919.46
2005-03-02,142.18,142.18,140.79,141.45,3213396.72
2005-03-03,141.66,144.25,141.04,143.68,3495128.88
2005-03-04,144.14,145.12,142.9,143.96,4857213.16
2005-03-07,144.25,145.59,144.14,144.78,4422201.9
2005-03-08,145.18,146.93,144.28,146.2,6077972.02
2005-03-09,145.69,147.5,144.25,145.54,6554772.62
2005-03-10,145.79,145.79,143.75,144.72,2783230.7
2005-03-11,145.39,148.37,145.28,147.6,6293233.92
2005-03-14,147.66,150.96,146.83,150.12,7899003.82
2005-03-15,150.03,151.17,147.86,149.18,5012687.64
2005-03-16,148.9,151.75,148.9,150.14,6616823.12
2005-03-17,149.73,152.38,148.9,151.06,8226974.08
2005-03-18,150.86,152.25,147.35,151.87,7402667.4
2005-03-21,152.01,152.52,149.37,150.6,5263704.04
2005-03-22,150.42,150.66,148.91,149.27,3245215.0
2005-03-23,148.9,149.73,146.14,146.96,4157916.58
2005-03-24,147.86,148.69,142.45,143.14,7198498.36
2005-03-28,143.83,145.68,143.1,143.98,4472608.26
2005-03-29,144.25,144.56,140.85,141.75,3691261.12
2005-03-30,141.77,144.76,140.63,143.78,4974940.88
2005-03-31,145.23,149.42,144.48,148.07,8359121.56
2005-04-01,148.17,150.65,146.21,150.02,6724724.88
2005-04-04,150.13,150.63,147.17,147.64,6355632.58
2005-04-05,147.76,149.16,146.43,147.39,4071378.58
2005-04-06,147.56,149.73,147.56,149.04,2361478.66
2005-04-07,149.0,149.93,147.04,147.37,3001964.58
2005-04-08,147.93,148.37,143.73,144.09,4898809.08
2005-04-11,144.46,144.76,140.64,141.0,3412720.44
2005-04-12,144.66,144.66,141.14,142.9,4971846.08
2005-04-13,144.14,145.49,143.27,144.93,5607612.44
2005-04-15,144.25,144.25,135.97,136.39,11922771.0
2005-04-18,134.42,139.46,133.49,136.35,7282792.66
2005-04-19,137.53,139.48,121.82,124.98,32924627.54
2005-04-20,124.08,124.08,113.05,115.42,57420732.9
2005-04-21,116.33,118.71,114.77,118.13,16020774.44
2005-04-22,119.94,121.15,117.9,120.64,15665763.46
2005-04-25,120.44,120.76,118.71,119.63,8317951.22
2005-04-26,119.63,120.34,117.26,117.54,6696107.74
2005-04-27,117.99,117.99,114.88,115.36,7903036.72
2005-04-28,115.3,116.84,113.45,115.27,10552350.14
2005-04-29,116.73,118.36,115.51,116.95,13377350.8
2005-05-02,118.91,121.81,115.62,116.74,6201183.3
2005-05-03,116.84,117.36,114.3,114.63,6652645.28
2005-05-04,114.42,116.27,114.42,115.9,5793232.06
2005-05-05,118.9,118.91,116.39,117.55,7851895.34
2005-05-06,117.88,121.15,117.06,120.72,9899291.64
2005-05-09,120.98,122.25,120.59,121.53,5729034.56
2005-05-10,121.81,121.81,118.52,119.17,8554131.94
2005-05-11,118.71,119.18,117.67,118.82,3884550.02
2005-05-12,119.84,120.12,118.2,118.58,4362859.32
2005-05-13,118.81,119.01,117.89,118.77,2887766.88
2005-05-16,118.39,119.83,118.11,119.36,6981650.38
2005-05-17,120.06,120.43,118.33,118.97,5641432.68
2005-05-18,119.32,119.32,116.12,118.16,5546712.8
2005-05-19,119.27,121.19,119.25,120.2,4423913.72
2005-05-20,120.46,121.47,118.62,120.95,3947809.46
2005-05-23,120.98,127.69,120.98,126.54,12526661.04
2005-05-24,128.7,128.7,124.63,127.68,7409185.8
2005-05-25,127.15,131.26,125.63,130.34,9543642.38
2005-05-26,130.08,134.0,129.37,133.39,11825594.64
2005-05-27,132.67,134.32,129.79,131.24,8901725.1
2005-05-30,131.24,137.84,130.7,136.4,21631104.5
2005-05-31,136.49,138.86,135.0,137.96,12530955.06
2005-06-01,137.53,137.53,134.17,134.89,9103137.84
2005-06-02,135.25,135.36,130.82,131.17,13390552.04
2005-06-03,131.17,134.08,130.4,133.71,7916528.1
2005-06-04,133.38,133.79,132.15,132.52,1641882.24
2005-06-06,133.9,134.6,131.35,132.39,7002578.88
2005-06-07,133.27,133.27,131.22,132.11,4470751.4
2005-06-08,132.35,134.0,131.95,133.6,5842033.04
2005-06-09,133.8,134.32,131.46,132.07,4350035.28
2005-06-10,132.35,134.42,130.4,130.92,8030280.9
2005-06-13,131.83,132.67,130.31,131.49,3131094.64
2005-06-14,132.04,132.34,130.31,130.91,4173593.66
2005-06-15,131.3,132.14,130.94,131.54,3374132.3
2005-06-16,132.13,133.17,130.79,132.12,5553153.84
2005-06-17,132.64,133.03,130.61,131.08,3708901.44
2005-06-20,131.83,134.62,131.35,133.99,7752291.52
2005-06-21,134.42,135.7,132.7,134.95,12649398.44
2005-06-22,135.36,138.46,135.36,137.87,13947556.0
2005-06-23,137.53,138.33,134.94,135.19,4445064.68
2005-06-24,134.42,138.38,133.9,137.08,7279185.3
2005-06-27,136.46,137.83,135.25,136.12,4289338.76
2005-06-28,136.28,137.32,135.88,136.86,6982752.88
2005-06-29,137.01,140.41,136.71,137.78,7793355.46
2005-06-30,138.44,141.14,138.44,140.43,8690795.9
2005-07-01,139.59,140.28,138.59,139.84,5827593.92
2005-07-04,140.5,141.85,137.63,140.53,4777154.86
2005-07-05,141.64,141.64,135.72,136.51,6271028.8
2005-07-06,137.63,138.32,136.61,137.33,3681876.9
2005-07-07,137.33,139.09,135.28,135.94,4201749.6
2005-07-08,136.03,137.98,134.26,136.08,7331921.12
2005-07-11,136.08,138.05,136.08,137.64,4565908.1
2005-07-12,136.86,137.11,132.06,133.47,7407311.74
2005-07-13,133.38,134.93,131.51,131.89,7791779.98
2005-07-14,132.72,133.66,126.25,127.15,10670797.02
2005-07-15,127.77,130.98,126.12,129.58,11250452.34
2005-07-18,129.95,153.52,129.95,137.24,17433314.02
2005-07-19,139.96,140.95,130.78,136.92,5633516.74
2005-07-20,138.56,138.56,135.46,135.79,4208272.22
2005-07-21,137.11,137.11,132.86,133.93,5056934.86
2005-07-22,133.38,134.71,131.86,134.31,6237547.58
2005-07-25,134.58,135.18,132.36,133.31,6543118.14
2005-07-26,133.46,134.1,130.78,131.32,6298226.18
2005-07-27,131.3,133.69,131.3,133.32,3128119.34
2005-07-29,132.34,133.89,130.99,131.69,10066400.12
2005-08-01,131.51,132.34,128.98,129.97,6540430.1
2005-08-02,134.1,134.73,130.58,133.93,5806669.56
2005-08-03,134.67,135.7,133.17,135.01,8760634.08
2005-08-04,135.45,136.99,133.69,134.44,7643763.82
2005-08-05,134.93,135.76,132.57,133.41,3809091.98
2005-08-08,133.89,133.89,131.53,133.18,4948998.58
2005-08-09,132.34,133.58,131.2,133.31,5713011.74
2005-08-10,133.44,136.66,133.44,136.28,8379778.84
2005-08-11,136.66,137.94,135.61,136.26,4390134.68
2005-08-12,137.88,137.88,132.4,133.15,4602721.88
2005-08-16,133.89,133.89,131.3,131.71,4399884.92
2005-08-17,132.86,135.14,130.92,134.85,6789358.94
2005-08-18,135.97,137.84,135.8,136.67,9388439.1
2005-08-19,136.81,138.57,136.4,137.88,5967186.44
2005-08-22,137.84,140.28,129.52,137.1,5397347.74
2005-08-23,138.05,138.44,136.59,136.92,5630927.6
2005-08-24,136.92,137.12,133.58,134.8,4850338.36
2005-08-25,135.76,138.37,135.25,137.71,7619249.6
2005-08-26,138.2,142.53,137.84,141.98,9851042.54
2005-08-29,142.53,143.36,138.37,141.0,4903898.32
2005-08-30,141.03,144.72,141.03,144.02,6978068.1
2005-08-31,143.65,147.24,143.57,146.15,8902102.78
2005-09-01,146.67,149.19,146.59,148.17,9131943.4
2005-09-02,148.77,149.81,147.21,148.48,5912626.82
2005-09-05,149.81,152.6,146.31,146.72,8716930.68
2005-09-06,147.21,147.72,144.4,145.49,6035876.22
2005-09-08,145.65,147.21,145.15,146.28,3458269.78
2005-09-09,140.55,147.11,140.55,144.81,4495902.56
2005-09-12,148.67,170.41,146.32,148.79,7967514.26
2005-09-13,148.87,148.87,146.75,147.97,2697443.5
2005-09-14,147.73,148.46,144.3,145.66,4674096.12
2005-09-15,145.85,151.35,145.85,150.84,13265912.58
2005-09-16,151.35,153.74,149.41,151.65,6584673.52
2005-09-19,153.74,153.98,150.12,151.29,3457375.82
2005-09-20,151.38,153.98,147.73,152.98,7561815.86
2005-09-21,153.35,153.56,145.65,151.23,7467970.58
2005-09-22,153.56,154.69,145.34,145.79,7788888.14
2005-09-23,145.68,148.75,145.68,146.95,4584874.38
2005-09-26,147.73,153.24,147.31,152.5,2751589.78
2005-09-27,153.45,154.07,150.46,152.13,7694687.26
2005-09-28,152.3,153.44,150.53,152.88,7089177.14
2005-09-29,153.98,155.47,152.41,153.23,10119255.64
2005-09-30,153.98,155.2,152.33,154.21,5987257.04
2005-10-03,151.42,156.56,151.42,155.84,5373922.46
2005-10-04,156.04,156.26,154.31,154.98,7630361.44
2005-10-05,154.39,154.9,152.41,152.93,7903409.56
2005-10-06,152.41,152.41,147.43,148.21,9893250.32
2005-10-07,148.25,151.27,147.23,150.31,7457521.98
2005-10-10,150.83,153.45,150.15,150.69,6454359.02
2005-10-11,151.89,153.43,147.93,152.69,13895982.2
2005-10-13,152.93,154.49,148.8,149.94,16347936.16
2005-10-14,150.85,151.06,147.21,148.15,6279491.38
2005-10-17,148.77,150.01,148.13,149.21,5273348.58
2005-10-18,150.33,152.71,149.2,150.22,13119295.62
2005-10-19,152.2,152.21,143.05,146.12,12060831.18
2005-10-20,147.53,149.6,145.02,147.66,7617373.62
2005-10-21,148.98,149.8,146.9,148.9,7102347.48
2005-10-24,149.32,150.54,146.06,146.74,3776500.06
2005-10-25,147.86,151.27,146.84,150.12,6499111.22
2005-10-26,150.12,150.64,147.94,148.27,4967346.88
2005-10-27,148.35,148.97,144.91,146.09,8119757.16
2005-10-28,146.9,146.9,141.26,142.01,5397424.2
2005-10-31,142.31,146.79,141.82,146.08,3419592.32
2005-11-01,151.03,151.03,145.95,146.96,637883.42
2005-11-02,146.09,149.71,144.74,148.98,3420695.42
2005-11-07,146.79,153.01,146.79,152.7,5022108.96
2005-11-08,153.67,154.73,153.29,153.99,6933006.24
2005-11-09,153.99,154.61,151.19,151.88,5996094.56
2005-11-10,151.9,153.98,151.9,153.23,3711829.24
2005-11-11,152.73,155.13,152.73,154.57,7098117.32
2005-11-14,155.34,157.91,155.34,157.45,9640624.72
2005-11-16,157.55,158.16,156.61,157.6,8084544.08
2005-11-17,156.37,158.26,155.6,157.18,5849419.76
2005-11-18,157.63,159.61,157.63,159.18,10440808.72
2005-11-21,159.44,160.41,157.0,158.33,7910397.12
2005-11-22,157.84,158.96,155.13,156.36,5696586.74
2005-11-23,156.37,158.67,156.27,158.12,7259851.96
2005-11-24,158.05,159.84,158.05,158.91,5448493.26
2005-11-25,158.91,160.55,157.46,159.89,4009869.48
2005-11-26,159.87,160.55,159.2,160.43,1120276.74
2005-11-28,160.43,161.59,160.13,161.35,3039835.84
2005-11-29,161.05,161.59,158.52,161.1,3960901.14
2005-11-30,159.71,161.85,157.94,158.58,4824144.48
2005-12-01,158.46,162.08,158.34,161.6,4990320.28
2005-12-02,162.08,164.14,160.66,161.59,5736586.32
2005-12-05,161.8,162.02,159.12,159.65,2293838.38
2005-12-06,160.03,163.68,159.12,162.01,3876537.44
2005-12-07,162.84,166.8,162.67,166.34,6737286.36
2005-12-08,166.28,169.38,165.99,168.53,11492923.06
2005-12-09,168.67,176.67,167.99,175.42,7427054.14
2005-12-12,172.06,177.75,171.18,172.04,7423773.6
2005-12-13,172.23,174.94,171.49,173.85,7226634.04
2005-12-14,173.05,177.23,170.97,175.55,5778370.1
2005-12-15,176.18,177.08,173.93,175.43,5094693.36
2005-12-16,176.19,179.94,175.46,178.73,9481240.2
2005-12-19,179.94,182.76,179.0,180.84,5636836.74
2005-12-20,182.44,182.44,175.87,176.56,5549787.2
2005-12-21,177.75,178.75,174.21,175.78,3935731.14
2005-12-22,176.19,177.19,175.03,175.63,3020603.4
2005-12-23,175.87,177.75,173.58,174.29,2943654.52
2005-12-26,174.52,174.52,172.67,173.36,1948757.84
2005-12-27,173.35,177.54,171.28,177.04,1876729.76
2005-12-28,176.71,178.27,174.8,175.73,3095960.0
2005-12-29,176.19,179.3,175.31,178.28,4150779.34
2005-12-30,175.14,179.3,175.14,177.52,2853986.38
2006-01-02,178.06,178.37,175.28,175.94,1982599.24
2006-01-03,175.69,181.39,175.35,180.69,4073024.72
2006-01-04,181.4,182.43,179.54,181.73,4251296.36
2006-01-05,181.92,182.02,179.51,180.6,1716798.48
2006-01-06,180.88,181.39,176.4,177.81,3556013.02
2006-01-09,178.29,180.35,175.24,176.08,4656155.68
2006-01-10,176.19,177.21,173.16,174.37,4763320.12
2006-01-12,172.33,176.08,168.37,174.49,16690119.02
2006-01-13,175.14,176.19,171.39,172.21,4326777.64
2006-01-16,172.13,172.13,167.07,167.72,5761228.78
2006-01-17,167.95,170.97,167.85,169.24,4500022.94
2006-01-18,169.01,169.6,167.33,169.15,3788057.44
2006-01-19,169.6,172.82,169.6,172.38,4278281.72
2006-01-20,172.85,174.41,170.76,171.71,3942589.98
2006-01-23,170.76,170.76,168.29,169.43,2729059.64
2006-01-24,170.76,172.24,170.29,171.56,2262053.56
2006-01-25,172.24,173.37,171.66,172.47,7618596.98
2006-01-27,175.47,175.47,172.4,173.29,3595006.68
2006-01-30,173.94,175.42,172.56,173.26,1655365.0
2006-01-31,175.42,175.42,172.58,174.47,1799001.76
2006-02-01,172.95,175.25,172.38,174.08,4663617.28
2006-02-02,174.43,175.05,170.21,170.95,3752890.28
2006-02-03,171.28,172.11,168.41,170.33,5215137.52
2006-02-06,170.24,175.78,169.87,175.37,3464745.54
2006-02-07,175.47,176.88,171.74,174.85,8381024.44
2006-02-08,174.01,174.65,172.58,173.64,3988557.18
2006-02-10,174.44,175.25,171.82,174.39,3265145.8
2006-02-13,174.39,174.43,172.13,172.44,2418213.74
2006-02-14,174.43,174.43,168.57,169.05,8332290.2
2006-02-15,172.12,172.12,167.64,169.13,5037769.8
2006-02-16,169.73,171.27,168.37,170.16,6324545.06
2006-02-17,172.34,173.0,169.2,169.73,3498821.18
2006-02-20,171.19,172.85,169.98,172.32,3163905.0
2006-02-21,172.85,174.53,172.45,174.01,2754154.44
2006-02-22,174.43,174.43,172.48,173.57,1384224.58
2006-02-23,173.37,176.51,173.37,174.48,4956702.48
2006-02-24,174.45,175.47,172.99,174.43,1313306.22
2006-02-27,174.11,177.04,174.05,176.56,3017300.16
2006-02-28,177.04,177.97,174.43,177.63,3377100.52
2006-03-01,177.55,182.3,176.23,181.76,5393022.26
2006-03-02,182.3,183.2,179.68,181.92,3922789.9
2006-03-03,181.94,181.94,177.28,178.16,2542557.88
2006-03-06,179.23,183.09,178.61,182.18,4346327.7
2006-03-07,181.76,182.78,179.65,180.14,2375875.28
2006-03-08,180.9,181.74,178.08,179.91,4564032.84
2006-03-09,179.65,180.48,176.52,180.15,5580395.36
2006-03-10,176.73,185.39,176.52,184.2,7701426.0
2006-03-13,185.26,192.98,185.26,191.0,8591385.9
2006-03-14,190.6,190.9,187.07,188.33,4161865.3
2006-03-16,189.78,192.17,188.67,191.69,5505417.38
2006-03-17,192.18,196.41,192.18,194.37,7099783.24
2006-03-20,195.73,200.02,194.84,199.28,8393097.88
2006-03-21,199.28,202.1,198.3,200.04,6344766.4
2006-03-22,200.53,200.53,196.48,197.75,6129081.56
2006-03-23,198.45,200.43,195.14,195.75,3164958.2
2006-03-24,197.09,198.97,195.22,197.55,3491563.74
2006-03-27,197.93,199.5,196.94,197.5,3504786.12
2006-03-28,198.45,199.59,196.46,197.15,4489571.9
2006-03-29,196.25,198.75,195.0,198.25,5127502.08
2006-03-30,198.75,209.93,198.75,205.56,6922568.7
2006-03-31,204.49,204.49,199.5,200.07,3494895.66
2006-04-03,201.27,204.3,200.53,203.75,3716909.28
2006-04-04,203.71,204.72,202.63,203.52,3556459.72
2006-04-05,203.68,205.25,200.53,201.79,3323464.14
2006-04-07,203.46,208.58,195.83,197.33,8839135.82
2006-04-10,198.45,200.53,196.35,197.83,8418910.76
2006-04-12,198.25,198.45,184.14,186.0,15746921.48
2006-04-13,188.53,191.1,184.87,187.7,10294594.74
2006-04-17,190.62,199.59,189.59,199.13,11595626.42
2006-04-18,206.59,218.09,206.59,209.88,17687089.74
2006-04-19,211.92,214.11,208.68,210.22,11732733.36
2006-04-20,210.97,211.5,206.28,207.83,7536265.82
2006-04-21,208.89,212.01,205.23,208.79,5951752.12
2006-04-24,208.68,208.86,205.23,206.73,6265087.4
2006-04-25,206.79,206.79,198.34,201.26,6824477.9
2006-04-26,201.37,204.3,199.5,202.86,8462829.02
2006-04-27,202.86,209.21,201.58,203.24,8574984.76
2006-04-28,199.18,207.95,191.17,206.6,6333966.4
2006-04-29,207.95,209.19,205.86,206.74,936434.54
2006-05-02,207.22,211.44,206.81,210.26,7467252.76
2006-05-03,211.4,213.06,210.46,212.18,3767759.48
2006-05-04,211.82,214.94,211.12,213.46,4703265.28
2006-05-05,214.63,214.63,208.37,209.58,3243986.18
2006-05-08,211.09,218.5,209.93,210.92,1776922.94
2006-05-09,212.23,213.53,209.42,211.49,2154732.94
2006-05-10,213.53,213.81,209.14,211.16,2367526.34
2006-05-11,211.95,211.95,209.46,210.84,2350569.88
2006-05-12,210.04,211.49,205.79,208.49,3323713.06
2006-05-15,206.81,209.0,200.53,204.81,4828547.7
2006-05-16,204.71,208.37,200.51,206.25,3197367.9
2006-05-17,208.37,210.98,207.84,210.62,1607760.6
2006-05-18,207.84,208.88,198.45,201.13,5436356.48
2006-05-19,203.67,204.7,193.38,197.65,5826345.24
2006-05-22,200.53,200.53,182.15,185.97,5624323.18
2006-05-23,188.0,195.73,177.66,191.16,6448592.38
2006-05-24,195.32,196.35,183.83,187.03,6828499.2
2006-05-25,185.91,198.28,182.26,196.03,6988249.82
2006-05-26,197.41,198.45,192.28,194.93,2642783.78
2006-05-29,194.79,194.79,192.21,193.29,3354294.04
2006-05-30,194.79,197.94,191.65,194.3,5404875.5
2006-05-31,192.29,192.29,180.69,186.22,6905439.92
2006-06-01,190.62,190.62,176.52,178.54,7112373.68
2006-06-02,179.12,188.0,176.31,187.37,5042844.28
2006-06-05,187.37,188.46,183.22,184.61,3843781.06
2006-06-06,182.23,186.72,176.52,182.66,3555894.84
2006-06-07,188.0,188.0,176.85,177.97,6475401.0
2006-06-08,180.17,180.17,168.28,172.12,6416106.1
2006-06-09,174.89,176.73,169.73,174.55,4861349.94
2006-06-12,177.45,177.45,169.31,171.16,4298838.16
2006-06-13,169.31,170.19,163.04,164.02,3275658.64
2006-06-14,163.14,169.72,151.58,154.96,15302472.94
2006-06-15,165.65,165.65,156.78,161.95,7141815.32
2006-06-16,166.13,179.65,165.55,176.51,10012321.68
2006-06-19,175.98,176.51,171.39,174.76,5124306.24
2006-06-20,176.82,176.82,167.6,168.37,4400941.8
2006-06-21,169.69,172.52,167.07,171.93,7116477.3
2006-06-22,172.83,177.03,172.83,175.64,4377294.6
2006-06-23,172.83,178.07,170.22,177.53,3943654.0
2006-06-25,172.83,179.64,172.83,178.11,314468.9
2006-06-26,180.17,180.17,169.49,171.11,7846276.2
2006-06-27,173.67,173.67,167.6,172.27,5969840.0
2006-06-28,169.69,179.39,168.23,177.93,5710608.4
2006-06-29,179.12,180.17,174.93,176.06,7540208.42
2006-06-30,181.75,185.09,178.67,182.13,6503415.68
2006-07-03,182.47,189.33,181.47,188.57,5114081.7
2006-07-04,189.7,191.79,189.07,190.13,4277846.44
2006-07-05,190.33,195.05,188.55,193.02,5065813.5
2006-07-06,191.48,191.9,187.73,189.0,2757712.86
2006-07-07,190.62,191.88,182.26,182.97,3494900.94
2006-07-10,182.26,190.4,182.26,188.38,4605470.72
2006-07-11,188.55,190.12,184.69,185.4,4318677.74
2006-07-12,186.45,199.97,186.45,198.0,11362523.62
2006-07-13,198.18,198.89,193.81,195.61,6424435.68
2006-07-14,192.74,198.6,191.18,196.33,5906803.02
2006-07-17,197.43,200.49,193.89,194.73,10736277.98
2006-07-18,194.83,204.26,190.17,192.16,13179168.7
2006-07-19,197.14,198.49,182.85,184.1,16762109.5
2006-07-20,186.03,190.65,185.41,189.19,7533220.22
2006-07-21,188.34,189.05,183.58,185.14,5240747.58
2006-07-24,188.03,191.9,181.75,190.44,8144649.36
2006-07-25,192.74,194.31,191.17,193.5,5533039.46
2006-07-26,194.63,198.49,191.95,197.85,7051110.92
2006-07-27,198.49,201.12,196.45,199.0,8830533.36
2006-07-28,197.27,204.58,193.88,194.82,3597727.98
2006-07-31,196.19,202.49,195.15,196.43,2054902.96
2006-08-01,181.08,197.19,181.08,195.56,2099949.52
2006-08-02,194.09,197.77,193.05,197.29,2126428.42
2006-08-03,197.77,199.76,196.63,198.22,3586604.58
2006-08-04,201.44,202.23,197.87,199.03,3186189.8
2006-08-07,199.55,199.76,195.36,196.42,2049260.24
2006-08-08,197.24,201.02,196.19,200.34,1404010.96
2006-08-09,199.34,204.59,197.98,202.71,2445009.3
2006-08-10,201.65,204.59,201.44,202.64,2715474.4
2006-08-11,203.51,204.35,200.8,203.03,2256583.0
2006-08-14,204.33,204.59,201.23,202.42,2051004.52
2006-08-16,205.42,206.58,203.11,204.0,4532615.3
2006-08-17,204.59,206.26,201.02,201.47,2975264.06
2006-08-18,202.49,204.06,201.44,203.47,2148956.46
2006-08-21,204.8,204.8,200.8,203.39,2876277.96
2006-08-22,203.95,206.26,203.54,204.67,2595104.04
2006-08-23,204.8,205.37,201.46,202.09,2975940.84
2006-08-24,203.54,204.57,200.02,203.62,2823572.78
2006-08-25,203.74,204.98,203.04,204.46,3111785.8
2006-08-28,204.59,206.75,203.18,205.86,2740723.7
2006-08-29,206.68,208.15,206.26,207.75,3192618.9
2006-08-30,207.96,208.78,205.85,206.43,3270273.18
2006-08-31,206.48,210.67,206.48,209.43,7240302.38
2006-09-01,208.99,210.04,207.96,209.67,2059702.16
2006-09-04,209.62,214.03,209.62,213.43,2395411.38
2006-09-05,214.65,216.12,210.04,211.05,4700634.34
2006-09-06,213.5,213.5,207.96,208.49,3336589.6
2006-09-07,205.7,208.78,205.7,207.04,1886769.58
2006-09-08,211.09,211.09,206.68,207.94,1871256.84
2006-09-11,209.62,209.62,199.13,200.07,4853369.4
2006-09-12,200.38,205.63,199.76,205.19,2186625.48
2006-09-13,206.26,211.51,205.84,209.82,2749440.4
2006-09-14,211.73,213.19,210.22,212.64,2846062.66
2006-09-15,212.77,212.77,209.14,210.39,2811477.12
2006-09-18,211.3,212.13,208.17,209.03,1656585.16
2006-09-19,209.2,214.03,207.82,211.94,4734776.68
2006-09-20,212.13,216.96,208.59,216.13,3212039.6
2006-09-21,216.54,221.98,213.61,220.95,6084981.5
2006-09-22,219.27,221.13,216.15,218.13,2965108.1
2006-09-25,219.69,220.32,214.49,215.2,1607964.26
2006-09-26,216.12,220.32,215.05,219.12,4428648.92
2006-09-27,220.32,221.37,217.41,218.78,3994639.88
2006-09-28,219.28,220.11,212.55,214.12,7293579.46
2006-09-29,214.46,217.19,214.03,214.45,2088387.64
2006-10-03,217.17,217.17,211.73,212.83,1945303.4
2006-10-04,213.19,213.19,206.34,207.19,8277788.26
2006-10-05,209.42,211.73,208.36,209.77,6969298.7
2006-10-06,210.04,211.3,207.31,208.62,3296690.16
2006-10-09,206.68,211.73,205.75,210.28,1842981.2
2006-10-10,210.46,213.57,210.46,212.24,3300069.08
2006-10-11,216.12,226.49,216.12,219.22,8070579.92
2006-10-12,220.32,227.67,218.43,227.15,6020242.6
2006-10-13,228.58,235.01,227.06,231.57,5807286.62
2006-10-16,236.06,241.3,233.96,237.04,11589357.28
2006-10-17,239.62,245.45,232.91,234.36,10424299.88
2006-10-18,232.93,234.38,231.02,232.13,5951419.36
2006-10-19,232.08,233.49,227.17,229.22,3697824.54
2006-10-20,230.81,231.23,227.89,228.63,2537089.7
2006-10-21,232.7,232.7,228.32,228.83,509113.62
2006-10-23,230.38,230.38,223.33,227.27,1577785.98
2006-10-26,227.45,229.75,226.19,227.08,6107485.44
2006-10-27,227.49,229.35,223.54,226.12,3714728.38
2006-10-30,226.4,228.92,223.08,227.11,4935894.66
2006-10-31,227.24,231.19,226.21,228.73,4076561.76
2006-11-01,230.81,232.69,227.31,227.91,2270493.58
2006-11-02,229.35,229.35,225.56,227.26,2619190.46
2006-11-03,228.29,228.92,222.61,224.49,3736153.58
2006-11-06,224.4,225.12,222.19,222.91,3014278.58
2006-11-07,225.98,228.27,223.08,224.11,3824957.96
2006-11-08,224.09,225.33,221.17,223.72,2895303.98
2006-11-09,224.93,226.19,221.63,223.79,3998717.08
2006-11-10,225.14,230.34,224.11,224.86,3936998.36
2006-11-13,225.31,227.24,224.32,226.35,2404059.0
2006-11-14,227.45,233.55,227.45,232.76,7133652.74
2006-11-15,234.61,236.08,229.46,230.77,3205751.06
2006-11-16,231.45,232.71,227.98,228.79,2497178.9
2006-11-17,230.19,230.92,227.5,230.43,2639755.46
2006-11-20,228.3,235.87,224.2,235.2,6148743.72
2006-11-21,234.85,242.39,234.4,241.67,4940623.6
2006-11-22,242.81,246.39,238.89,241.57,6643653.02
2006-11-23,243.23,246.05,239.86,240.74,4598632.78
2006-11-24,241.97,243.42,239.06,241.97,3808470.84
2006-11-27,241.97,244.92,241.97,244.24,3485766.52
2006-11-28,241.97,243.23,233.79,241.94,3187833.32
2006-11-29,244.07,245.93,241.97,245.03,3093011.98
2006-11-30,246.76,253.54,245.34,252.24,7431519.38
2006-12-01,252.49,252.49,248.55,250.25,4470090.96
2006-12-04,252.49,254.81,250.39,250.89,2654498.36
2006-12-05,254.53,254.53,249.33,250.79,2514749.64
2006-12-06,246.64,253.96,246.64,252.2,3779422.24
2006-12-07,253.54,259.74,249.77,251.29,3413482.54
2006-12-08,252.28,252.28,246.88,247.63,2242409.8
2006-12-11,247.23,250.18,238.6,246.9,5084725.78
2006-12-12,246.18,248.28,232.5,235.76,6081450.08
2006-12-13,235.76,240.08,227.32,235.84,4297900.24
2006-12-14,232.52,244.07,232.52,241.88,3464754.78
2006-12-15,245.84,245.84,241.55,244.12,2739600.4
2006-12-18,243.02,250.05,236.5,248.55,2793909.62
2006-12-19,248.49,249.08,236.72,240.25,4305514.1
2006-12-20,241.97,245.73,234.62,237.49,4462391.58
2006-12-21,239.24,241.97,233.76,239.23,2680310.32
2006-12-22,238.82,244.07,237.36,242.8,2079330.04
2006-12-26,242.6,251.31,242.6,250.69,2135621.16
2006-12-27,251.43,253.75,248.5,251.64,2844972.76
2006-12-28,253.62,256.7,249.96,255.0,2873379.74
2006-12-29,255.32,258.68,253.01,257.12,2227201.14
2007-01-02,258.68,264.7,255.86,262.69,1835805.9
2007-01-03,263.65,271.01,260.73,269.36,5210126.08
2007-01-04,270.37,270.37,263.03,264.91,4717897.32
2007-01-05,266.17,266.92,263.66,265.74,3230346.34
2007-01-08,264.9,264.9,255.64,261.7,5883727.8
2007-01-09,262.57,265.5,257.8,264.36,4777149.36
2007-01-10,261.86,264.06,258.8,259.93,3483057.48
2007-01-11,252.26,273.11,252.26,268.83,8793304.14
2007-01-12,271.46,279.64,271.46,278.57,7337886.22
2007-01-15,284.05,287.84,273.55,279.07,14562106.64
2007-01-16,292.25,292.25,277.53,278.6,9061000.6
2007-01-17,279.82,280.89,273.53,274.5,3129455.78
2007-01-18,274.58,278.99,274.58,276.78,3231624.8
2007-01-19,276.78,279.11,271.88,273.14,3424394.78
2007-01-22,274.19,278.89,272.07,277.0,3770806.64
2007-01-23,276.93,277.1,274.16,274.73,3703469.38
2007-01-24,276.59,277.11,273.78,275.68,2791867.52
2007-01-25,279.44,288.72,274.78,277.42,6583860.18
2007-01-29,277.33,277.33,272.26,273.69,3535341.92
2007-01-31,273.56,277.09,268.26,269.51,5768226.16
2007-02-01,272.05,273.11,268.9,272.49,2204789.5
2007-02-02,273.95,275.64,273.12,274.27,5067266.06
2007-02-05,275.22,277.09,272.9,275.39,3569022.4
2007-02-06,276.9,277.09,272.07,273.83,4044650.88
2007-02-07,274.16,276.78,273.16,275.49,3082103.9
2007-02-08,276.57,277.31,273.61,275.11,3141422.9
2007-02-09,276.14,277.85,270.61,271.51,2362992.5
2007-02-12,263.62,273.89,263.62,264.84,2117641.26
2007-02-13,264.88,270.98,260.45,264.23,4896250.92
2007-02-14,264.25,267.21,261.51,265.88,3719738.22
2007-02-15,266.78,274.16,258.36,272.53,4354750.38
2007-02-19,274.45,278.11,273.16,276.23,5617401.28
2007-02-20,277.09,279.18,273.11,274.07,6401507.56
2007-02-21,274.16,276.64,269.94,270.76,4668453.58
2007-02-22,274.16,276.78,271.21,272.96,8225844.56
2007-02-23,273.11,274.06,268.47,269.39,3755078.32
2007-02-26,268.26,272.87,259.92,271.24,5545075.72
2007-02-27,264.46,272.94,264.46,266.61,5583346.2
2007-02-28,260.03,262.56,247.16,251.68,11081365.02
2007-03-01,253.07,267.42,251.05,264.6,9315792.26
2007-03-02,264.63,265.73,253.29,254.88,6296720.14
2007-03-05,250.97,252.87,242.53,243.7,6070454.38
2007-03-06,255.19,281.54,244.87,252.5,4295910.28
2007-03-07,253.49,258.28,244.09,251.34,5264066.7
2007-03-08,250.97,259.34,250.97,256.96,2696843.28
2007-03-09,259.04,260.03,252.66,255.63,3831491.26
2007-03-12,258.28,264.4,255.39,260.45,4311339.84
2007-03-13,258.45,267.6,253.1,266.86,2408901.9
2007-03-14,258.34,261.91,254.13,255.93,4534215.28
2007-03-15,259.4,263.83,258.98,260.31,4532247.46
2007-03-16,261.81,265.27,256.27,261.01,5007600.88
2007-03-19,256.51,266.73,253.46,265.91,1438753.94
2007-03-20,265.73,269.21,263.2,264.25,3290275.22
2007-03-21,265.94,267.71,261.51,267.21,2335343.46
2007-03-22,269.32,275.64,269.32,274.81,4890608.24
2007-03-23,276.7,278.38,269.94,271.68,6241649.72
2007-03-26,271.0,273.89,264.72,266.01,7229636.04
2007-03-28,267.81,267.81,251.82,253.29,10453195.16
2007-03-29,250.75,265.06,250.75,263.27,12170383.36
2007-03-30,263.27,264.63,257.35,260.21,3327573.62
2007-04-02,255.19,257.3,249.91,250.8,4594610.68
2007-04-03,252.02,256.62,250.55,253.63,3860776.16
2007-04-04,256.87,258.28,251.05,252.74,2847995.34
2007-04-05,252.97,254.34,250.15,251.85,3003874.92
2007-04-09,253.18,258.72,253.18,256.7,2708147.56
2007-04-10,256.7,258.34,252.09,252.52,4125587.44
2007-04-11,254.21,255.07,250.33,251.08,4535860.64
2007-04-12,250.55,254.98,247.16,253.28,4380118.64
2007-04-13,255.19,267.5,251.81,266.15,11592158.12
2007-04-16,270.79,275.41,267.89,270.0,11837983.46
2007-04-17,271.15,277.33,261.09,263.67,12405501.88
2007-04-18,264.46,266.78,261.72,263.09,3382729.44
2007-04-19,259.4,263.2,254.15,262.12,3751479.36
2007-04-20,264.04,267.41,263.65,265.23,3403080.92
2007-04-23,264.68,267.79,262.57,263.15,2685268.74
2007-04-24,262.35,266.15,257.09,258.31,8206171.12
2007-04-25,258.34,258.75,254.76,257.57,25785993.02
2007-04-26,258.77,263.54,257.3,261.59,7043546.94
2007-04-27,260.45,260.77,256.71,260.35,5696336.84
2007-04-30,261.73,267.81,254.13,266.99,4609020.76
2007-05-03,268.85,273.07,268.38,272.09,7874857.14
2007-05-04,273.95,280.47,267.63,268.48,8417988.82
2007-05-07,270.37,270.98,266.82,268.45,6583092.0
2007-05-08,267.83,269.94,265.15,267.11,9709877.24
2007-05-09,274.16,274.16,258.34,261.41,5571325.92
2007-05-10,262.57,272.03,258.56,259.34,3608691.72
2007-05-11,263.62,265.52,255.19,264.16,4584842.7
2007-05-14,269.63,269.63,262.8,263.67,1494089.88
2007-05-15,265.73,265.73,258.34,261.1,4982512.42
2007-05-16,266.78,266.78,255.3,258.18,7733302.36
2007-05-17,260.05,264.4,259.4,263.62,3474809.02
2007-05-18,265.72,269.1,263.62,264.22,3462651.24
2007-05-21,267.83,267.83,259.4,260.89,3386593.94
2007-05-22,260.98,262.35,257.52,259.54,7302525.88
2007-05-23,261.83,261.83,258.36,260.12,1507646.48
2007-05-24,263.62,263.62,257.5,258.29,5397038.98
2007-05-25,257.49,260.45,254.76,259.39,6216603.9
2007-05-28,263.62,263.62,258.04,258.45,3064545.28
2007-05-29,258.32,260.45,257.3,259.64,3517508.3
2007-05-30,263.62,263.62,255.23,256.37,3082189.24
2007-05-31,259.19,259.19,253.07,254.84,6136378.62
2007-06-01,259.22,259.22,255.42,257.02,2049597.48
2007-06-04,258.98,263.62,253.49,254.79,2197060.48
2007-06-05,256.83,256.83,253.07,254.77,2076402.48
2007-06-06,256.23,256.66,248.48,253.15,4542598.66
2007-06-07,253.07,256.11,245.76,254.55,2381461.5
2007-06-08,254.45,259.51,250.97,257.32,7135204.54
2007-06-11,260.78,261.39,256.88,257.57,3139184.82
2007-06-12,255.19,259.4,253.07,256.73,1662060.84
2007-06-13,257.09,257.3,251.66,253.76,2096422.02
2007-06-14,255.19,257.3,253.35,254.03,4950444.12
2007-06-15,258.15,258.15,249.69,250.62,5887571.0
2007-06-18,252.44,252.87,245.46,246.01,3396156.42
2007-06-19,246.54,246.62,241.92,245.46,4129841.42
2007-06-20,245.67,248.21,241.44,242.71,4755481.02
2007-06-21,242.28,243.51,239.11,242.4,3596150.5
2007-06-22,242.28,244.4,240.06,241.21,3163222.24
2007-06-25,241.21,243.34,236.73,238.21,3312648.34
2007-06-26,239.32,241.22,236.54,237.36,3346873.88
2007-06-27,239.08,240.95,237.84,239.77,3493322.58
2007-06-28,242.06,242.06,238.05,240.56,5130988.6
2007-06-29,241.44,244.61,241.23,243.2,3549750.82
2007-07-02,243.97,243.97,239.32,240.05,1745248.24
2007-07-03,243.34,243.34,237.84,238.6,2161389.82
2007-07-04,238.69,241.22,236.15,236.5,2853859.5
2007-07-05,238.73,238.73,232.92,235.22,3756214.76
2007-07-06,235.93,246.49,232.77,245.17,8986080.36
2007-07-09,247.23,250.2,246.52,249.0,6332541.02
2007-07-10,250.75,253.92,247.14,250.35,8852906.9
2007-07-11,250.11,250.75,232.75,243.1,7162371.4
2007-07-12,244.4,247.36,239.95,246.0,6810073.1
2007-07-13,261.56,266.93,239.16,240.38,6834534.76
2007-07-16,240.16,240.8,235.72,238.75,4714450.04
2007-07-17,248.8,248.8,243.34,244.55,7283550.28
2007-07-18,244.82,247.57,242.78,246.86,5164528.88
2007-07-19,246.94,250.75,246.62,250.15,4815198.54
2007-07-20,251.59,251.79,247.02,248.82,4424619.78
2007-07-23,247.53,252.87,245.9,252.0,5572470.88
2007-07-24,251.78,252.23,246.94,247.97,3694743.92
2007-07-25,247.14,247.78,242.28,242.96,3154795.82
2007-07-26,244.4,256.03,242.3,251.61,7092285.08
2007-07-27,246.08,249.25,238.86,244.59,3775060.22
2007-07-30,243.95,248.2,239.76,241.08,2163573.6
2007-07-31,244.17,246.5,239.71,245.29,3793096.22
2007-08-01,241.83,242.89,235.53,236.56,5189513.38
2007-08-02,237.58,238.54,231.22,232.32,2253329.24
2007-08-03,236.32,236.32,229.77,232.69,2349670.46
2007-08-06,231.22,237.16,227.83,233.23,3226240.14
2007-08-07,236.13,237.12,232.1,235.32,3518115.78
2007-08-08,243.95,247.99,237.16,244.5,4779069.78
2007-08-09,246.08,252.2,240.82,243.04,5980296.64
2007-08-10,236.53,244.7,229.19,242.79,7413516.48
2007-08-13,243.95,243.95,238.68,240.67,1420727.54
2007-08-14,240.77,241.83,237.58,239.76,1441082.88
2007-08-16,233.34,237.5,230.17,230.8,7852583.84
2007-08-17,230.8,231.86,220.45,224.05,8133051.44
2007-08-20,229.85,233.21,222.98,223.92,5169959.46
2007-08-21,228.36,228.36,213.09,215.37,5142287.94
2007-08-22,216.37,219.07,211.29,217.63,4509727.34
2007-08-23,218.92,222.32,212.98,213.82,3669597.32
2007-08-24,215.32,217.76,212.02,216.04,2270964.54
2007-08-27,217.43,220.37,216.39,217.76,3142928.6
2007-08-28,219.77,220.41,214.46,218.24,2667572.4
2007-08-29,216.37,220.58,212.34,218.83,3767343.32
2007-08-30,221.04,224.65,217.44,221.89,8253340.08
2007-08-31,223.17,226.92,222.1,225.78,2801913.62
2007-09-03,226.98,228.04,223.46,225.13,2941883.44
2007-09-04,225.92,230.73,225.08,226.16,2572409.68
2007-09-05,226.35,229.73,225.94,227.48,4144793.2
2007-09-06,225.92,229.32,225.08,228.68,2206014.26
2007-09-07,228.47,230.06,226.98,228.31,1993546.92
2007-09-10,228.31,228.31,221.46,222.16,2593981.22
2007-09-11,232.17,232.17,216.37,217.09,3991105.5
2007-09-12,218.5,220.15,215.0,215.45,2762560.66
2007-09-13,217.42,219.56,214.34,218.67,2537426.68
2007-09-14,222.74,222.74,215.98,216.89,2239446.34
2007-09-17,217.44,218.87,211.23,211.64,5994132.42
2007-09-18,211.5,213.77,210.65,212.65,5825171.12
2007-09-19,217.44,219.28,215.79,217.02,5471451.76
2007-09-20,216.37,216.82,211.55,212.57,2775585.6
2007-09-21,212.57,217.86,207.47,215.92,9344093.0
2007-09-24,216.37,218.58,212.17,213.68,4378233.38
2007-09-25,214.25,215.1,211.33,212.49,6364563.1
2007-09-26,214.25,222.49,213.2,220.78,9829862.56
2007-09-27,222.74,226.45,222.1,225.4,10137747.12
2007-09-28,217.44,229.1,217.44,224.89,7365164.34
2007-10-01,225.08,225.08,217.01,220.97,2565131.18
2007-10-03,222.74,232.29,222.72,228.93,6037379.18
2007-10-04,230.17,230.17,223.58,228.95,5138092.42
2007-10-05,228.95,228.95,224.29,227.58,2055385.96
2007-10-08,229.33,233.09,225.33,228.75,3137375.42
2007-10-09,229.1,234.37,228.1,232.28,4369507.68
2007-10-10,234.35,239.76,233.0,238.76,4694301.56
2007-10-11,240.77,240.86,224.86,227.41,6597725.12
2007-10-12,223.17,228.04,218.56,225.61,5789947.7
2007-10-15,226.98,231.58,224.81,227.86,8098280.56
2007-10-16,233.34,236.53,225.08,226.64,8320934.98
2007-10-17,224.86,236.53,212.13,232.23,8161496.08
2007-10-18,240.77,243.93,228.53,238.41,16081344.82
2007-10-19,243.5,243.95,229.62,235.22,9539052.3
2007-10-22,237.59,237.59,226.55,228.01,4509500.48
2007-10-23,227.18,233.98,225.26,226.24,6890189.22
2007-10-24,233.98,233.98,221.92,222.92,4819998.1
2007-10-25,225.26,225.48,220.83,223.26,5788800.58
2007-10-26,223.35,230.57,221.68,227.87,3479035.68
2007-10-29,231.64,231.86,225.77,227.18,4156014.1
2007-10-30,228.03,228.66,221.28,223.03,3697345.44
2007-10-31,222.71,226.26,216.33,220.8,55494816.22
2007-11-01,224.41,224.41,216.85,217.62,6485924.08
2007-11-02,214.83,219.09,213.35,217.22,4107388.52
2007-11-05,217.17,219.26,213.83,215.11,2205461.76
2007-11-06,215.91,216.92,212.71,213.63,2584527.92
2007-11-07,213.8,214.65,209.75,212.08,4118361.34
2007-11-08,210.6,212.67,208.46,210.51,3158058.84
2007-11-09,215.91,215.91,209.12,209.57,398553.06
2007-11-12,209.57,209.57,204.2,205.02,6206882.86
2007-11-13,205.02,206.91,197.11,201.51,5521667.76
2007-11-14,204.2,222.3,204.2,209.88,4217502.46
2007-11-15,210.79,212.26,206.33,208.5,2697838.74
2007-11-16,208.46,212.28,205.72,209.08,4309704.42
2007-11-19,204.22,214.28,204.22,211.33,3538027.64
2007-11-20,211.01,211.01,203.61,204.48,4935212.98
2007-11-21,204.63,208.62,199.01,200.97,4012318.72
2007-11-22,206.26,206.76,198.88,202.12,3046181.9
2007-11-23,206.33,206.33,201.84,204.4,2731533.02
2007-11-26,208.46,211.44,206.33,209.54,2650205.16
2007-11-27,210.58,212.49,206.35,211.85,1768287.48
2007-11-28,208.67,213.56,206.33,207.71,3570151.68
2007-11-29,212.71,213.07,202.29,205.49,5911523.42
2007-11-30,205.49,216.67,205.49,215.31,6274670.96
2007-12-03,216.11,226.75,214.92,223.32,7658833.68
2007-12-04,223.32,223.35,218.04,219.02,2096574.84
2007-12-05,219.09,222.28,217.07,219.77,2432031.7
2007-12-06,221.21,223.7,219.34,220.27,4893413.68
2007-12-07,221.21,228.04,218.29,226.02,5648391.42
2007-12-10,227.62,228.45,219.09,220.28,4541483.46
2007-12-11,223.13,223.13,218.09,221.49,3417208.8
2007-12-12,218.71,225.48,218.26,224.07,4370576.94
2007-12-13,223.35,226.28,218.1,219.0,5466953.98
2007-12-14,215.97,224.41,215.97,221.3,3197399.36
2007-12-17,228.11,228.11,213.78,215.35,3764954.88
2007-12-18,214.83,221.21,213.42,214.93,4520139.48
2007-12-19,215.26,218.83,214.41,217.92,3139319.42
2007-12-20,218.98,224.18,217.6,222.36,3568313.44
2007-12-24,229.73,238.23,223.35,236.04,5471923.28
2007-12-26,237.17,238.17,231.03,234.05,3415492.84
2007-12-27,235.06,238.23,231.11,236.27,4711374.48
2007-12-28,233.98,233.98,225.48,230.18,2581716.54
2007-12-31,230.37,233.14,223.77,229.17,2534200.48
2008-01-01,229.09,229.09,223.77,224.31,1091158.6
2008-01-02,225.48,225.69,219.41,223.35,3367219.84
2008-01-03,219.11,222.28,213.85,215.06,6074414.2
2008-01-04,215.06,217.58,213.2,213.82,2725426.0
2008-01-07,212.71,214.58,206.86,207.52,4286818.5
2008-01-08,208.46,211.01,206.18,210.12,3770131.04
2008-01-09,211.61,213.99,210.56,211.92,2879699.32
2008-01-10,212.28,214.73,204.63,208.81,3928381.64
2008-01-11,194.71,213.56,194.71,210.53,2525996.68
2008-01-14,212.67,212.67,203.27,204.45,4888021.26
2008-01-15,205.26,205.9,198.67,199.95,3450273.1
2008-01-16,199.95,205.63,196.76,201.0,3681069.52
2008-01-17,205.43,205.47,195.48,196.27,7407017.72
2008-01-18,197.72,199.95,190.83,192.12,5093646.9
2008-01-21,192.29,192.44,171.28,176.78,5688615.78
2008-01-22,173.29,210.58,154.21,169.8,7494903.88
2008-01-23,183.41,190.02,171.88,186.18,6275041.48
2008-01-24,185.76,189.6,176.31,180.04,2357433.12
2008-01-25,182.12,191.66,181.51,188.87,2626484.58
2008-01-28,185.76,185.76,176.15,182.4,2910481.52
2008-01-29,182.77,188.87,182.55,185.26,3815655.0
2008-01-30,188.32,190.46,183.62,185.72,3551198.18
2008-01-31,185.76,190.02,178.36,186.56,6986762.1
2008-02-01,188.95,200.94,186.46,198.46,4882128.2
2008-02-04,201.77,211.17,200.48,208.31,4368099.2
2008-02-05,204.97,208.17,199.77,203.91,2017326.2
2008-02-06,198.56,198.56,191.0,193.46,4692946.78
2008-02-07,193.46,193.46,185.98,187.69,3014683.02
2008-02-08,188.75,197.5,187.89,191.82,3017221.54
2008-02-11,191.82,199.0,183.64,193.46,3748065.44
2008-02-12,193.23,197.5,183.62,184.61,6043445.08
2008-02-13,186.82,191.52,181.77,185.53,2558876.3
2008-02-14,188.95,192.16,183.84,186.57,2630423.5
2008-02-15,183.62,189.39,183.62,186.34,2591272.98
2008-02-18,186.34,186.82,181.49,182.17,2017663.44
2008-02-19,182.77,188.75,182.55,186.92,2280096.94
2008-02-20,187.87,191.02,186.45,189.19,3583711.96
2008-02-21,191.73,198.78,188.32,195.29,4170838.5
2008-02-22,196.43,196.62,188.95,192.28,2811956.54
2008-02-25,198.13,198.35,190.08,192.32,3811847.2
2008-02-26,197.29,197.29,191.09,191.82,5854057.58
2008-02-27,193.86,195.34,186.62,187.36,2768094.28
2008-02-28,188.95,190.02,186.19,188.08,6532505.62
2008-02-29,187.89,190.39,184.36,187.33,4000386.96
2008-03-03,184.9,185.48,179.35,181.19,3678209.02
2008-03-04,183.19,185.76,180.87,183.37,3525058.8
2008-03-05,180.42,188.49,180.42,186.88,2586945.3
2008-03-07,184.17,184.92,179.82,180.67,2338103.74
2008-03-10,180.67,182.34,177.21,177.99,2920443.6
2008-03-11,179.35,179.35,175.08,175.83,4734593.66
2008-03-12,179.14,181.49,172.99,175.84,2206474.84
2008-03-13,174.01,174.01,162.48,166.47,3991160.2
2008-03-14,166.53,173.56,160.14,171.63,2594799.78
2008-03-17,165.47,170.32,164.14,169.07,2293698.2
2008-03-18,168.67,176.96,164.4,174.59,4210682.2
2008-03-19,176.79,179.35,172.0,173.25,5107415.78
2008-03-24,173.25,178.82,173.25,175.87,3866322.56
2008-03-25,179.35,192.13,178.28,187.14,3429470.46
2008-03-26,200.7,200.7,181.82,187.54,2542942.56
2008-03-27,186.19,187.04,179.59,182.02,7202438.82
2008-03-28,182.12,186.75,181.91,185.98,4254727.1
2008-03-31,185.98,185.98,170.17,173.04,4744359.06
2008-04-01,175.08,182.1,172.94,177.71,2443368.46
2008-04-02,181.49,185.54,181.33,181.76,1673046.2
2008-04-03,181.49,190.46,181.49,189.04,3848979.04
2008-04-04,189.17,190.0,183.63,186.38,2366224.3
2008-04-07,191.09,196.45,187.5,193.04,4284974.02
2008-04-08,193.23,193.65,186.82,189.45,4748447.88
2008-04-09,187.89,190.46,185.54,187.09,1735989.58
2008-04-10,187.89,196.35,187.25,192.06,3425999.92
2008-04-11,192.82,197.5,190.72,193.86,2563428.78
2008-04-15,196.86,210.3,187.98,207.99,6678597.58
2008-04-16,210.3,213.95,205.4,207.51,7539210.98
2008-04-17,213.45,215.65,209.15,213.71,4683115.84
2008-04-21,215.44,220.98,210.65,212.1,3980266.06
2008-04-22,210.29,210.29,188.32,189.42,16141209.14
2008-04-23,189.38,193.38,187.9,189.84,7407352.6
2008-04-24,193.02,193.21,184.47,190.19,17903309.98
2008-04-25,194.73,194.73,188.95,189.88,7995631.26
2008-04-28,172.73,191.3,153.73,188.26,7725816.38
2008-04-29,188.33,198.56,185.79,194.41,18980255.84
2008-04-30,195.6,199.79,193.54,196.64,11109560.54
2008-05-02,197.5,205.4,197.29,201.51,6204388.84
2008-05-05,201.77,202.73,196.68,198.02,4231388.54
2008-05-06,194.29,202.83,186.31,200.07,4663491.44
2008-05-07,202.83,209.22,202.83,206.42,14736521.2
2008-05-08,206.01,206.04,196.0,202.2,12699481.6
2008-05-09,204.76,204.76,194.29,195.79,5260069.52
2008-05-12,195.79,199.6,194.36,197.91,4564797.84
2008-05-13,198.56,201.0,189.81,193.24,5225621.38
2008-05-14,193.23,209.02,190.27,207.35,10975149.54
2008-05-15,207.75,213.95,204.99,210.25,8404662.56
2008-05-16,212.23,212.23,206.79,209.47,4494707.24
2008-05-20,208.17,211.38,202.25,204.14,5792374.08
2008-05-21,198.13,206.68,195.37,206.06,3676869.5
2008-05-22,204.23,210.41,203.05,205.22,6375833.34
2008-05-23,208.15,209.18,197.74,199.08,6324528.78
2008-05-26,196.43,205.59,195.58,204.0,6389968.54
2008-05-27,209.24,212.23,201.98,206.88,6653188.86
2008-05-28,207.13,216.76,207.13,215.53,6404389.44
2008-05-29,215.44,219.56,210.09,212.36,9670466.64
2008-05-30,211.6,223.97,208.82,221.87,18131857.38
2008-06-02,216.71,225.77,206.04,210.06,8260486.2
2008-06-03,204.97,211.38,200.31,208.2,5737753.52
2008-06-04,211.34,211.34,202.06,204.28,4435234.44
2008-06-05,205.85,212.83,205.82,209.64,6914517.0
2008-06-06,211.38,213.23,204.5,206.3,4844968.28
2008-06-09,192.64,206.01,190.02,195.18,7189544.76
2008-06-10,194.29,196.22,185.11,187.68,7207380.06
2008-06-11,190.02,194.29,187.89,190.1,4816379.34
2008-06-12,190.89,192.67,182.98,189.65,2885124.28
2008-06-13,187.89,196.84,187.89,194.21,7883064.78
2008-06-16,196.22,198.13,192.86,194.47,7659833.32
2008-06-17,193.23,197.93,193.23,196.71,4103829.74
2008-06-18,197.68,197.72,191.28,193.4,7489639.86
2008-06-19,188.97,192.78,188.91,190.64,3830298.18
2008-06-20,193.19,193.19,180.66,185.45,9500154.32
2008-06-23,185.45,188.8,180.97,184.29,4160151.24
2008-06-24,182.47,186.28,176.77,181.28,10815420.5
2008-06-25,180.33,189.99,178.46,188.23,6887402.24
2008-06-26,189.77,192.78,184.71,189.21,8184855.46
2008-06-27,189.21,189.21,182.72,185.8,7291213.78
2008-06-30,186.98,188.49,182.47,184.24,3794169.08
2008-07-01,185.69,187.2,179.27,181.98,5892197.44
2008-07-02,182.47,190.64,180.33,188.17,9480766.8
2008-07-03,189.13,189.13,176.15,183.91,4859135.32
2008-07-04,186.74,186.78,179.36,181.3,4587859.38
2008-07-07,181.4,185.48,178.62,182.96,2089364.1
2008-07-08,178.21,181.4,175.6,178.22,4597222.44
2008-07-09,182.47,191.05,182.47,188.22,4167413.38
2008-07-10,186.76,190.85,182.98,186.43,4081026.78
2008-07-11,196.86,202.44,168.6,171.44,6432746.26
2008-07-14,171.75,171.75,163.37,164.84,5310246.38
2008-07-15,164.84,168.83,158.25,161.15,5251958.12
2008-07-16,162.01,166.08,153.69,156.31,6684425.1
2008-07-17,157.79,168.93,156.73,168.15,12053970.58
2008-07-18,167.45,172.18,160.8,170.42,9711795.74
2008-07-21,171.53,174.96,168.09,174.49,4171512.64
2008-07-22,175.17,181.18,173.04,178.58,4939065.68
2008-07-23,178.18,186.76,175.8,184.74,6954042.7
2008-07-24,187.74,187.74,170.11,172.3,13674587.62
2008-07-25,171.57,182.37,167.88,171.57,10297613.12
2008-07-28,171.75,175.38,168.52,173.08,2293440.6
2008-07-29,173.18,174.71,170.03,173.66,2879001.76
2008-07-30,181.62,181.62,171.75,180.1,5147418.42
2008-07-31,180.97,181.41,176.99,179.63,6028898.8
2008-08-01,177.74,184.62,174.78,181.12,4655164.24
2008-08-04,175.59,180.97,174.73,175.66,6079199.4
2008-08-05,175.67,179.89,173.49,178.76,5532971.34
2008-08-06,180.95,187.43,180.2,185.4,5813474.74
2008-08-07,185.07,187.41,182.05,183.86,3565089.26
2008-08-08,182.04,184.64,179.55,182.07,2421353.22
2008-08-11,183.56,184.81,177.63,179.67,3951243.82
2008-08-12,179.89,181.78,175.59,176.51,3856560.64
2008-08-13,172.36,180.48,172.36,178.46,4291084.9
2008-08-14,178.61,181.98,174.73,179.51,4341608.28
2008-08-18,180.97,183.65,179.89,181.31,2270474.66
2008-08-19,181.94,183.35,179.92,181.25,2266589.7
2008-08-20,181.56,182.92,179.89,181.32,1308056.54
2008-08-21,180.11,181.41,175.63,176.2,2293529.3
2008-08-22,176.46,177.69,173.11,176.46,3069560.96
2008-08-25,177.53,179.89,175.8,176.28,1093370.46
2008-08-26,174.51,180.32,174.51,179.7,2558664.48
2008-08-27,176.69,180.11,175.17,176.34,2473705.38
2008-08-28,176.67,177.58,168.61,170.7,7636164.22
2008-08-29,172.36,176.66,172.36,174.98,2319039.3
2008-09-01,175.59,176.67,173.87,175.57,1772416.74
2008-09-02,175.57,183.78,175.57,182.87,3072536.22
2008-09-04,182.05,184.16,179.33,181.88,2856504.08
2008-09-05,183.13,183.13,177.74,180.63,2837580.44
2008-09-08,185.28,188.39,181.41,184.57,5999717.32
2008-09-09,184.21,187.8,180.97,186.32,3266878.32
2008-09-10,185.53,187.48,182.72,183.32,3554803.54
2008-09-11,183.32,187.01,178.61,180.27,2215156.56
2008-09-12,186.37,186.37,172.56,174.64,4147191.88
2008-09-15,168.05,172.15,160.51,164.34,9922434.1
2008-09-16,161.48,161.8,156.2,161.34,5885920.2
2008-09-17,161.15,164.74,156.84,157.3,4874645.0
2008-09-18,156.84,161.37,144.57,155.37,7376719.58
2008-09-19,167.99,167.99,157.3,165.22,11075188.72
2008-09-22,187.01,187.01,162.23,165.21,5190359.28
2008-09-23,154.12,165.4,154.12,155.34,3441855.82
2008-09-24,156.11,161.15,148.73,153.63,8564517.94
2008-09-25,153.64,155.09,144.58,148.31,17548150.16
2008-09-26,150.82,150.82,143.53,145.68,4893647.56
2008-09-29,146.24,146.24,131.85,133.58,6473393.14
2008-09-30,127.54,145.79,127.11,143.4,9737263.72
2008-10-01,144.26,147.56,139.04,144.73,6983129.22
2008-10-03,143.26,143.26,138.39,141.66,4841615.66
2008-10-06,140.31,140.31,129.27,133.36,6826555.5
2008-10-07,135.98,143.27,121.95,124.08,10309605.18
2008-10-08,119.57,121.29,109.45,117.77,9632837.92
2008-10-10,116.34,118.5,103.5,113.07,15946166.86
2008-10-13,113.75,129.89,113.07,123.42,16089994.9
2008-10-14,129.05,133.45,125.25,127.7,8615459.08
2008-10-15,126.04,126.83,115.33,117.01,6160222.46
2008-10-16,113.11,113.91,100.8,106.64,9320020.0
2008-10-17,107.72,113.98,95.88,97.78,11306305.88
2008-10-20,107.0,108.8,98.08,105.86,14403990.06
2008-10-21,116.0,122.36,106.3,120.46,13698287.3
2008-10-22,119.57,119.57,110.12,117.78,6986322.64
2008-10-23,113.03,126.69,108.0,117.91,12185273.42
2008-10-24,108.53,115.57,94.8,107.48,9840032.5
2008-10-27,103.63,111.6,89.49,107.02,10411687.0
2008-10-28,110.12,118.48,109.88,116.4,772485.5
2008-10-29,121.76,124.58,114.88,117.16,12642142.0
2008-10-31,123.27,128.91,114.77,116.45,11973323.96
2008-11-03,121.32,126.31,114.19,118.6,8691546.78
2008-11-04,129.25,129.25,106.16,110.17,10873105.38
2008-11-05,111.57,118.92,108.33,109.72,10654575.62
2008-11-06,114.51,114.51,104.44,108.37,9072229.04
2008-11-07,108.33,115.91,105.24,113.77,6782573.38
2008-11-10,119.14,119.7,111.59,118.39,4730044.44
2008-11-11,117.42,118.67,112.66,114.58,7499238.66
2008-11-12,114.58,120.12,111.59,115.89,8933903.2
2008-11-14,118.07,118.84,113.42,115.01,7636198.22
2008-11-17,114.61,116.34,109.52,112.45,9336547.36
2008-11-18,112.66,112.66,103.99,104.67,11256921.76
2008-11-19,106.16,107.46,102.2,104.56,9433612.7
2008-11-20,103.99,103.99,99.66,101.67,5788711.72
2008-11-21,101.77,112.01,99.66,109.73,7899561.1
2008-11-24,109.19,115.18,106.22,112.64,9659172.3
2008-11-25,112.46,116.98,108.34,109.19,6662909.12
2008-11-26,109.03,114.82,107.71,114.28,7080102.28
2008-11-28,112.23,123.06,112.23,121.19,14006674.28
2008-12-01,121.19,128.64,120.53,122.22,13799702.46
2008-12-02,123.49,123.49,113.32,115.44,7683907.0
2008-12-03,116.2,119.52,113.0,115.86,11537146.12
2008-12-04,115.91,119.96,109.05,119.03,9527567.04
2008-12-05,116.65,118.14,112.29,113.05,8199305.6
2008-12-08,115.91,118.34,111.01,113.15,8794691.12
2008-12-10,119.12,120.63,114.72,117.22,9333556.36
2008-12-11,119.09,119.09,108.75,109.99,8424098.94
2008-12-12,110.48,110.48,102.96,104.28,8217293.3
2008-12-15,108.75,108.75,101.23,101.76,6921042.32
2008-12-16,101.83,105.05,100.74,103.86,6748125.78
2008-12-17,105.15,106.59,102.26,103.41,7473034.84
2008-12-18,102.89,111.38,102.26,110.6,6605114.9
2008-12-19,108.97,115.69,107.05,111.26,5705096.76
2008-12-22,112.55,112.55,109.06,110.62,4739086.76
2008-12-23,107.29,110.84,106.64,108.46,4116265.0
2008-12-24,107.62,109.35,102.31,103.59,10556804.08
2008-12-26,100.78,107.24,100.78,102.19,3640197.52
2008-12-29,103.12,103.89,99.66,103.3,5626189.9
2008-12-30,105.08,106.92,101.83,104.54,4064808.2
2008-12-31,106.65,106.65,102.31,103.54,2935288.64
2009-01-01,103.99,108.08,103.38,107.65,2811511.74
2009-01-02,107.68,110.21,107.06,107.96,6203315.38
2009-01-05,108.75,113.31,107.89,111.63,5573302.24
2009-01-06,111.57,113.09,107.95,109.72,6830199.06
2009-01-07,112.45,112.62,100.66,109.36,10401473.66
2009-01-09,108.31,119.12,105.08,116.33,16409093.6
2009-01-12,110.85,114.82,109.43,111.04,8764702.38
2009-01-13,108.24,116.34,105.77,113.88,15416501.32
2009-01-14,114.4,120.81,114.4,116.77,6876255.36
2009-01-15,112.66,113.31,107.97,110.59,8275553.74
2009-01-16,110.21,112.45,105.4,108.97,11297222.2
2009-01-19,112.21,112.21,105.57,108.49,7925737.2
2009-01-20,107.18,110.04,106.16,107.56,5348767.36
2009-01-21,106.38,108.55,105.08,106.65,4234821.46
2009-01-22,107.24,109.2,104.67,107.59,5594488.7
2009-01-23,106.18,108.09,104.71,105.33,3497865.16
2009-01-27,106.38,111.57,106.38,108.13,6051243.74
2009-01-28,103.58,111.16,103.58,110.61,5493485.86
2009-01-29,111.61,112.9,108.13,111.03,11489642.04
2009-01-30,110.07,112.26,108.61,111.51,9987618.48
2009-02-02,110.9,110.9,106.18,107.09,3710224.58
2009-02-03,107.46,111.11,107.46,108.95,4368457.02
2009-02-04,109.64,111.8,107.46,108.69,2850040.38
2009-02-05,108.98,109.55,104.24,105.26,4979799.66
2009-02-06,106.8,110.7,106.15,109.59,7845994.52
2009-02-09,108.98,114.14,108.25,112.26,5270768.62
2009-02-10,112.69,115.08,111.38,114.35,7789084.46
2009-02-11,112.9,114.0,111.6,112.2,5164679.34
2009-02-12,111.6,112.41,109.88,111.14,3262523.56
2009-02-13,111.16,113.34,110.51,111.42,3736050.66
2009-02-16,110.64,112.24,108.55,109.14,2869814.84
2009-02-17,108.11,108.93,104.62,105.77,3384125.0
2009-02-18,104.92,107.0,103.97,104.78,3015962.26
2009-02-19,105.06,107.41,104.41,106.69,3988236.9
2009-02-20,106.04,106.26,101.2,103.33,5472830.52
2009-02-24,102.44,103.69,100.37,102.21,5156420.88
2009-02-25,102.44,105.67,102.44,104.78,6329119.46
2009-02-26,104.84,106.93,103.97,105.1,10103195.82
2009-02-27,105.06,106.58,99.23,105.3,7742488.32
2009-03-02,103.34,105.06,99.13,100.23,4575359.28
2009-03-03,98.52,101.57,95.77,97.26,4084383.88
2009-03-04,97.65,101.23,97.26,100.38,3737303.18
2009-03-05,101.34,102.64,99.83,100.96,4914360.44
2009-03-06,100.26,105.68,99.75,104.99,6659086.78
2009-03-09,102.68,104.62,100.05,100.91,5201902.12
2009-03-12,100.62,105.71,100.62,104.06,9884309.58
2009-03-13,103.17,111.16,103.17,110.48,11699159.5
2009-03-16,111.16,113.95,109.5,113.3,5359859.18
2009-03-17,112.26,112.9,107.47,108.45,7967329.86
2009-03-18,108.98,112.14,108.98,110.1,7356693.76
2009-03-19,110.18,112.9,109.33,112.24,8467898.84
2009-03-20,115.28,115.28,110.18,111.11,4747910.9
2009-03-23,114.32,115.43,111.38,113.27,5261693.46
2009-03-24,113.82,116.07,111.64,113.7,7663798.82
2009-03-25,109.78,115.5,109.78,114.65,4394902.48
2009-03-26,111.74,125.97,111.74,121.72,17469340.92
2009-03-27,116.97,127.5,116.97,125.29,8120171.24
2009-03-30,116.34,124.24,112.9,114.05,5905023.96
2009-03-31,114.44,118.55,114.44,117.38,5480038.34
2009-04-01,116.83,120.71,113.45,118.68,7713147.78
2009-04-02,118.93,127.95,118.93,126.15,9753903.7
2009-04-06,127.46,129.47,125.48,126.32,6210578.24
2009-04-08,127.53,133.76,122.28,131.68,11692061.82
2009-04-09,133.39,135.12,129.52,131.33,7555039.36
2009-04-13,131.75,132.74,125.37,129.09,4726838.04
2009-04-15,120.22,126.81,119.89,125.92,11203118.92
2009-04-16,126.42,128.38,123.63,124.69,10172791.82
2009-04-17,125.72,130.67,123.17,124.91,7643703.2
2009-04-20,120.48,126.81,120.48,122.37,6113793.54
2009-04-21,126.33,128.27,118.79,120.04,13177976.78
2009-04-22,122.06,123.06,117.08,118.34,7552974.72
2009-04-23,119.77,124.86,118.84,123.83,8457722.56
2009-04-24,122.05,127.95,122.05,127.26,6168074.66
2009-04-27,127.25,132.7,124.78,131.19,9337951.94
2009-04-28,130.59,132.49,125.62,130.45,9621914.94
2009-04-29,131.21,137.1,131.21,135.92,12079498.9
2009-05-04,137.54,152.48,137.35,145.25,12781060.8
2009-05-05,145.81,147.11,138.64,141.89,10119286.08
2009-05-06,139.12,141.61,134.04,138.48,60243377.66
2009-05-07,138.62,140.59,134.98,137.69,8876555.62
2009-05-08,136.88,139.93,134.81,137.52,10325100.98
2009-05-11,139.17,139.42,132.74,134.1,6077561.78
2009-05-12,132.96,140.76,132.96,139.73,10882203.82
2009-05-13,139.93,140.56,134.04,135.5,8401620.0
2009-05-14,134.7,136.66,131.93,135.1,10831418.78
2009-05-15,136.01,142.73,136.01,140.38,12551126.56
2009-05-18,167.09,172.54,151.49,162.13,84167.62
2009-05-19,163.47,163.47,142.9,145.98,14928997.92
2009-05-20,146.03,153.0,144.51,147.49,9758377.06
2009-05-21,146.03,149.31,140.37,141.12,5114889.92
2009-05-22,137.32,140.59,137.32,138.2,6723149.56
2009-05-25,138.62,140.37,135.71,137.61,6507727.3
2009-05-26,138.4,139.42,135.25,136.11,6949619.84
2009-05-27,137.5,142.11,137.5,141.36,10578723.3
2009-05-28,135.88,146.89,135.88,144.55,19342807.7
2009-05-29,145.76,154.75,142.26,153.58,15910434.84
2009-06-01,146.77,154.71,146.77,152.06,9068037.52
2009-06-02,152.57,154.75,150.39,151.43,4723585.14
2009-06-03,150.39,153.61,148.89,151.89,4490480.52
2009-06-04,149.74,154.54,149.6,154.14,8052818.8
2009-06-05,154.54,158.83,151.78,157.23,15163625.7
2009-06-08,157.96,163.42,156.93,161.75,10630288.28
2009-06-09,159.35,173.28,159.35,170.48,11115340.52
2009-06-10,171.1,175.46,167.23,170.4,10763309.34
2009-06-11,171.76,172.72,167.84,168.94,4454069.86
2009-06-12,171.1,173.23,165.91,166.64,7293447.64
2009-06-15,166.67,171.1,164.56,169.58,7565527.58
2009-06-16,168.17,172.65,162.86,170.73,4950597.02
2009-06-17,171.99,173.3,164.53,166.17,4264035.42
2009-06-18,165.85,172.43,163.24,165.14,5416825.48
2009-06-19,165.41,171.99,164.53,166.63,8806821.9
2009-06-22,168.65,170.15,161.45,162.18,4679593.24
2009-06-23,157.95,165.74,157.07,160.87,5852835.26
2009-06-24,163.63,170.45,158.04,167.49,8323868.1
2009-06-25,167.6,171.99,162.47,166.94,11048411.28
2009-06-26,167.82,177.43,165.21,174.36,6951453.72
2009-06-29,175.43,176.38,168.19,169.44,5407820.06
2009-06-30,170.02,174.62,168.1,171.04,6751159.96
2009-07-01,169.84,173.3,167.8,172.41,4199269.76
2009-07-02,171.11,173.43,167.25,171.11,4234245.28
2009-07-03,168.91,172.17,168.91,171.53,3327567.02
2009-07-06,174.18,174.82,165.99,167.03,5115742.08
2009-07-07,168.48,172.54,166.72,170.73,4335832.64
2009-07-08,170.54,170.62,161.57,167.23,7629613.92
2009-07-09,167.65,171.59,162.77,170.3,4518448.36
2009-07-10,171.55,176.13,171.11,173.36,8511673.72
2009-07-13,171.11,175.94,170.34,174.41,5834758.32
2009-07-14,177.68,180.36,175.67,178.55,5087501.8
2009-07-15,180.28,187.47,179.88,185.65,5094291.8
2009-07-16,187.78,190.77,181.29,184.18,8657693.36
2009-07-17,184.89,195.57,184.71,190.46,10364963.18
2009-07-20,195.25,225.9,195.25,219.61,39362589.42
2009-07-21,220.69,225.14,207.98,209.55,14821934.86
2009-07-22,212.21,212.79,198.44,204.59,12165289.04
2009-07-23,206.65,211.87,206.21,208.69,8732683.84
2009-07-24,214.98,214.98,208.84,211.48,9013768.88
2009-07-27,212.35,215.42,210.19,211.61,5279984.16
2009-07-28,213.39,213.66,207.64,211.77,7189635.66
2009-07-29,211.48,222.35,209.27,220.2,12565891.94
2009-07-30,222.6,240.11,216.0,234.86,17786853.98
2009-07-31,237.46,237.91,229.72,231.72,6395178.34
2009-08-03,233.5,235.64,229.58,234.23,3995504.54
2009-08-04,229.32,238.44,229.32,233.57,6220772.24
2009-08-05,233.28,236.57,223.61,233.06,7290672.14
2009-08-06,233.06,235.44,226.54,227.95,4742502.22
2009-08-07,227.6,229.96,222.98,224.29,5166865.42
2009-08-10,226.96,243.08,226.45,237.48,12057254.88
2009-08-11,236.81,245.84,235.31,238.75,10036552.44
2009-08-12,235.7,236.15,225.13,228.94,12854597.12
2009-08-13,235.44,235.44,228.92,232.08,11387603.6
2009-08-14,233.5,233.5,228.21,229.76,5846844.4
2009-08-17,227.69,227.99,222.6,224.75,6767263.06
2009-08-18,222.49,226.82,220.07,224.18,9249338.14
2009-08-19,225.92,226.76,217.64,219.42,6359319.74
2009-08-20,222.44,223.99,219.44,220.73,4154859.52
2009-08-21,221.16,225.79,218.09,224.36,7863815.22
2009-08-24,227.32,231.67,226.25,229.78,4774797.2
2009-08-25,228.21,233.94,226.49,232.74,6275254.7
2009-08-26,232.05,244.51,231.99,241.65,10046930.06
2009-08-27,242.31,249.36,238.35,241.32,11611180.84
2009-08-28,240.44,242.31,233.99,238.26,5178747.92
2009-08-31,233.94,235.17,229.67,232.2,8137703.02
2009-09-01,235.7,236.3,228.7,232.14,11192701.0
2009-09-02,229.54,239.19,229.54,235.52,9262473.56
2009-09-03,237.86,239.84,233.7,235.1,8848601.46
2009-09-04,237.91,239.67,232.27,234.34,7108446.48
2009-09-07,236.06,243.88,235.08,242.73,6725157.92
2009-09-08,243.15,251.34,242.16,244.36,11226575.76
2009-09-09,244.95,248.83,239.29,246.92,8548351.96
2009-09-10,248.48,250.69,243.22,245.2,5559825.68
2009-09-11,247.15,250.69,244.74,246.87,10362062.74
2009-09-14,235.1,248.44,235.1,246.32,3632814.62
2009-09-15,248.48,253.63,247.6,251.96,4889402.68
2009-09-16,255.1,255.51,249.01,251.34,6601228.06
2009-09-17,253.33,259.05,252.44,256.83,5995978.34
2009-09-18,257.73,259.93,255.1,257.29,4454916.06
2009-09-22,259.91,266.98,256.52,265.51,4270983.5
2009-09-23,267.86,269.48,258.72,260.33,5132527.6
2009-09-24,259.05,268.44,256.41,265.46,7721186.58
2009-09-25,244.51,263.46,244.51,258.79,3482137.16
2009-09-29,262.12,270.71,260.38,268.93,8110206.44
2009-09-30,270.93,274.38,269.72,273.6,4963441.92
2009-10-01,272.26,286.33,270.97,277.49,6454168.7
2009-10-05,272.58,281.52,269.19,271.09,7104077.08
2009-10-06,275.34,276.85,266.55,270.59,8452869.74
2009-10-07,272.67,272.67,259.35,260.68,11435319.74
2009-10-08,262.14,263.79,250.47,251.74,11533148.96
2009-10-09,253.35,260.11,245.24,247.49,11385957.96
2009-10-12,249.8,257.41,248.28,255.46,5872273.2
2009-10-14,257.71,263.46,255.84,261.24,4516464.48
2009-10-15,261.7,263.42,253.33,256.32,4803369.7
2009-10-16,249.36,266.28,249.36,263.6,8159935.9
2009-10-17,285.8,285.8,266.55,268.22,2628750.78
2009-10-20,270.51,275.71,269.65,273.62,8898355.94
2009-10-21,273.16,281.7,272.26,278.79,6504892.34
2009-10-22,278.44,283.7,271.11,275.73,4872081.68
2009-10-23,277.6,284.56,277.38,281.87,8505536.38
2009-10-26,283.29,289.74,279.76,283.97,4621064.6
2009-10-27,289.85,289.85,279.56,283.17,4472543.48
2009-10-28,283.91,286.77,280.63,284.1,4052952.76
2009-10-29,281.08,285.27,278.96,280.21,5524194.96
2009-10-30,283.73,286.71,274.0,277.67,3253984.62
2009-11-03,281.08,281.08,265.61,267.84,3131981.3
2009-11-04,270.06,277.54,269.59,276.52,5154331.52
2009-11-05,278.42,278.42,267.64,275.99,3090136.14
2009-11-06,274.0,280.61,271.2,274.95,4728577.98
2009-11-09,276.21,277.54,271.8,275.22,3882988.04
2009-11-10,276.66,277.99,274.0,276.94,5216113.84
2009-11-11,277.12,285.94,273.34,285.16,4581417.34
2009-11-12,285.05,292.35,284.41,289.63,5348892.42
2009-11-13,289.45,298.27,286.18,296.17,5201960.32
2009-11-16,296.1,299.19,291.68,294.22,3986760.32
2009-11-17,295.22,306.22,291.37,305.14,6046459.64
2009-11-18,305.38,311.88,302.07,303.57,6316388.4
2009-11-19,304.9,306.0,295.88,300.48,3919846.06
2009-11-20,299.64,307.59,296.15,306.34,3168735.26
2009-11-23,307.15,309.36,303.17,306.76,2877631.62
2009-11-24,311.13,311.13,301.4,308.95,3079467.24
2009-11-25,308.95,314.51,305.82,310.6,4404743.56
2009-11-26,311.54,312.61,302.73,304.01,4988380.92
2009-11-27,298.99,303.35,289.47,296.3,4264230.88
2009-11-30,297.87,306.25,297.87,304.24,4393015.68
2009-12-01,310.86,310.86,300.63,303.06,3654311.56
2009-12-02,307.12,307.12,299.22,302.42,2445988.1
2009-12-03,303.95,307.55,300.19,304.96,3370043.68
2009-12-04,300.96,309.8,300.96,307.24,4450172.94
2009-12-07,308.48,311.97,307.15,309.1,2497689.8
2009-12-08,309.29,309.73,305.05,308.61,4781399.82
2009-12-09,308.48,314.18,306.36,312.32,5327489.0
2009-12-10,311.57,313.78,310.22,311.85,1877504.38
2009-12-11,312.52,315.72,309.36,312.06,3041498.18
2009-12-14,309.8,314.64,309.73,311.61,3404138.92
2009-12-15,312.89,314.67,308.12,309.78,2361358.72
2009-12-16,310.12,317.2,307.15,315.17,4033791.72
2009-12-17,317.31,321.73,315.99,319.41,4279214.86
2009-12-18,319.41,323.28,318.0,321.52,3162530.78
2009-12-21,322.66,331.01,321.07,324.41,10552359.72
2009-12-22,327.04,328.14,317.84,319.99,3608126.44
2009-12-23,321.93,331.24,320.66,329.93,5058037.68
2009-12-24,331.46,334.55,327.51,331.15,3459399.96
2009-12-29,331.46,332.25,325.56,327.66,2552704.24
2009-12-30,327.92,330.9,316.09,328.25,1665513.44
2009-12-31,329.81,333.67,328.72,331.57,3228345.34
2010-01-04,333.58,335.39,331.03,332.19,2221667.44
2010-01-05,333.67,335.68,329.93,332.28,2279148.26
2010-01-06,332.28,332.43,323.95,324.76,3789185.44
2010-01-07,325.05,326.77,314.22,315.72,7325553.06
2010-01-08,316.43,317.53,307.81,309.27,6842778.04
2010-01-11,311.13,318.24,309.54,315.63,4885753.62
2010-01-12,323.5,333.22,321.3,331.48,10213733.6
2010-01-13,329.25,351.96,329.09,348.5,12343646.28
2010-01-14,352.87,352.87,340.01,344.64,11684439.58
2010-01-15,351.79,353.38,341.29,349.75,8988810.58
2010-01-18,353.55,366.37,350.46,354.53,8215033.76
2010-01-19,354.53,354.53,344.12,345.02,5832086.06
2010-01-20,350.11,350.11,340.69,344.45,4918163.06
2010-01-21,341.29,350.0,339.37,340.58,5758155.0
2010-01-22,336.31,338.09,329.11,334.92,8570180.18
2010-01-25,334.77,338.31,327.55,334.19,3403509.84
2010-01-27,332.33,336.64,327.97,329.37,5466351.58
2010-01-28,332.11,335.86,322.45,328.68,7376481.38
2010-01-29,325.25,327.81,315.56,326.22,6176025.24
2010-02-01,325.4,338.01,319.05,330.63,3811701.94
2010-02-02,334.55,337.94,325.68,327.2,5347634.04
2010-02-03,329.68,335.39,325.91,333.64,3359968.34
2010-02-04,333.64,334.06,324.58,327.33,3065387.38
2010-02-05,325.68,325.68,317.53,320.6,5198608.12
2010-02-06,322.59,324.58,319.55,323.34,179384.06
2010-02-08,323.03,325.58,313.79,320.88,4705758.4
2010-02-09,321.26,328.77,319.5,325.75,3391809.14
2010-02-10,327.86,329.55,322.63,324.49,2637460.44
2010-02-11,327.0,331.43,325.68,329.1,2722971.78
2010-02-15,332.33,332.33,327.26,330.63,2207667.18
2010-02-16,331.11,338.96,328.88,335.95,1873673.9
2010-02-17,338.94,340.28,333.47,336.17,2852887.4
2010-02-18,336.77,339.85,334.77,336.24,2047801.94
2010-02-19,334.51,336.55,330.47,332.58,2500368.3
2010-02-22,335.43,338.41,334.02,335.55,2418650.56
2010-02-23,336.32,338.98,332.89,337.7,2090958.2
2010-02-24,334.99,341.51,333.26,339.14,4599367.38
2010-02-25,341.11,341.11,337.32,339.53,3016158.1
2010-02-26,339.92,344.98,330.63,337.57,3403138.12
2010-03-02,337.66,340.75,334.55,338.18,4573746.24
2010-03-03,340.75,342.97,338.6,340.64,3108412.72
2010-03-04,340.31,341.2,335.43,338.49,2317260.58
2010-03-05,338.98,339.85,336.84,337.92,1452585.0
2010-03-08,340.13,341.2,336.9,337.96,3402919.24
2010-03-09,338.09,344.96,338.09,340.62,3901656.9
2010-03-10,338.41,347.6,336.77,345.65,5176893.44
2010-03-11,345.65,352.23,342.07,350.77,3626666.92
2010-03-12,354.49,354.49,350.94,353.14,2833350.52
2010-03-15,353.14,363.35,350.57,362.47,6831739.44
2010-03-16,364.02,368.65,361.49,367.34,3485422.28
2010-03-17,369.55,374.83,367.78,372.53,4710779.7
2010-03-18,374.43,374.43,363.57,365.94,4202735.14
2010-03-19,356.81,369.75,356.81,363.75,5322173.18
2010-03-22,361.09,369.46,357.21,366.73,3735082.26
2010-03-23,367.78,369.11,364.29,367.19,1912573.88
2010-03-25,365.17,370.8,362.47,367.69,6225963.12
2010-03-26,367.78,370.44,364.38,365.59,2254296.6
2010-03-29,365.13,367.47,358.28,359.79,3885333.64
2010-03-30,358.3,361.62,353.23,354.49,3494792.44
2010-03-31,354.49,357.7,344.43,345.92,7992410.98
2010-04-01,348.44,358.83,346.56,357.95,6523687.78
2010-04-05,362.02,362.02,354.16,355.98,3387230.16
2010-04-06,358.43,358.43,351.01,352.74,4177698.5
2010-04-07,350.06,358.48,346.14,353.63,3412869.32
2010-04-08,352.72,357.81,350.06,354.25,5071461.58
2010-04-09,355.38,357.99,349.28,350.77,3405482.94
2010-04-12,350.5,354.49,350.11,353.65,3238335.1
2010-04-13,354.49,365.04,348.84,363.73,9483990.74
2010-04-15,364.24,369.95,362.93,364.11,4841850.82
2010-04-16,362.91,366.9,359.75,361.18,4300232.22
2010-04-19,358.92,365.57,354.82,359.79,7839692.94
2010-04-20,365.57,368.96,348.73,349.84,13559800.5
2010-04-21,352.28,354.05,345.74,347.85,8019993.24
2010-04-22,349.66,351.68,346.08,348.27,5361093.46
2010-04-23,349.19,350.94,344.52,345.72,4858907.48
2010-04-26,348.29,350.5,345.72,347.89,2835124.34
2010-04-27,348.27,350.02,346.1,348.86,2957764.12
2010-04-28,345.63,347.38,338.98,341.33,2708557.8
2010-04-29,343.46,343.53,334.81,336.66,5216488.54
2010-04-30,338.98,342.43,337.9,339.16,4163997.64
2010-05-03,337.32,341.82,334.15,339.78,2726812.8
2010-05-04,343.35,343.35,335.35,337.21,3267837.88
2010-05-05,332.33,340.31,327.97,339.31,4932435.36
2010-05-06,340.28,341.6,336.41,339.92,2912220.2
2010-05-07,335.43,337.92,325.68,328.53,4814995.22
2010-05-10,336.77,373.55,330.12,341.31,2626673.08
2010-05-11,343.41,345.19,334.06,335.13,1524774.66
2010-05-12,335.43,340.28,332.82,336.52,3091863.78
2010-05-13,339.03,342.61,337.41,339.25,1491108.14
2010-05-14,339.43,344.3,334.55,338.47,2287234.2
2010-05-17,343.39,343.39,325.29,330.45,4199909.66
2010-05-18,330.56,330.56,321.83,325.73,3609910.4
2010-05-19,323.48,324.8,317.4,319.71,4433729.32
2010-05-20,323.03,324.49,317.34,323.48,2705973.8
2010-05-21,314.61,321.66,303.64,318.46,3018536.74
2010-05-24,321.26,323.48,315.81,317.98,3255876.98
2010-05-25,313.73,316.38,306.44,309.98,2592315.96
2010-05-26,313.73,330.03,312.0,327.02,4163140.06
2010-05-27,325.68,332.31,322.23,328.72,7767665.78
2010-05-28,332.25,333.89,325.91,332.69,2797691.24
2010-05-31,331.67,333.62,327.02,329.26,3754885.44
2010-06-01,329.26,333.2,325.56,327.56,3539648.04
2010-06-02,326.93,336.55,326.26,334.22,3124873.6
2010-06-03,336.77,340.75,330.16,339.18,1900692.0
2010-06-04,339.18,341.07,334.64,339.14,1543869.2
2010-06-07,332.29,335.79,326.13,333.78,1957661.94
2010-06-08,334.11,337.66,331.0,332.42,2530092.24
2010-06-09,333.22,336.12,323.92,324.83,5492306.72
2010-06-10,323.48,333.66,323.48,332.56,2026622.14
2010-06-11,337.57,338.23,332.78,336.37,3652613.02
2010-06-14,338.25,348.77,335.88,346.08,4006326.0
2010-06-15,341.41,350.9,341.41,345.67,2928837.62
2010-06-16,350.63,351.91,346.21,349.59,2580698.4
2010-06-17,350.59,354.1,344.58,349.82,1694286.46
2010-06-18,349.82,355.96,348.44,353.38,2466398.44
2010-06-21,357.76,358.25,354.01,355.42,2113733.48
2010-06-22,354.19,354.87,348.91,351.33,1627136.44
2010-06-23,347.43,355.98,347.36,354.78,3279623.14
2010-06-24,354.78,355.77,346.39,348.98,4186081.66
2010-06-25,350.05,350.05,341.15,342.23,2257676.7
2010-06-28,342.22,346.14,341.83,345.05,1277844.7
2010-06-29,345.17,345.17,337.95,340.11,2897461.22
2010-06-30,340.65,342.87,334.46,338.86,3675227.06
2010-07-01,338.4,338.4,327.46,330.28,3776322.16
2010-07-02,331.54,336.6,329.77,335.6,3261921.38
2010-07-05,337.86,337.9,332.58,333.44,2399824.66
2010-07-06,332.31,343.78,332.02,342.53,3059520.6
2010-07-07,343.55,346.25,337.93,344.99,2385793.2
2010-07-08,348.33,351.48,347.27,350.5,2424168.7
2010-07-09,351.94,353.74,347.77,349.43,2035317.96
2010-07-12,351.84,358.25,351.84,357.22,3020593.18
2010-07-13,357.35,357.35,347.22,349.52,6145723.42
2010-07-14,351.03,354.06,347.54,349.52,3140347.5
2010-07-15,347.88,354.15,345.28,352.88,4206057.34
2010-07-16,358.71,378.34,358.71,376.15,21205123.22
2010-07-19,375.15,376.62,371.45,373.01,3355421.2
2010-07-20,373.01,376.55,372.24,373.25,2595377.08
2010-07-21,375.4,381.18,374.32,380.36,3262109.78
2010-07-22,380.36,381.71,375.63,380.68,1510289.94
2010-07-23,383.52,383.52,376.8,378.69,2099376.2
2010-07-26,380.09,384.24,379.19,383.19,3065710.78
2010-07-27,385.78,387.94,381.8,383.14,2334449.94
2010-07-28,383.97,387.11,382.17,385.53,4830717.7
2010-07-29,386.68,386.68,383.96,384.42,5894767.18
2010-07-30,383.96,384.42,377.64,379.81,1418911.04
2010-08-02,381.25,383.72,378.54,379.13,3126275.08
2010-08-03,380.35,381.93,374.72,376.3,1416839.22
2010-08-04,378.09,394.37,378.02,392.92,6173402.76
2010-08-05,394.37,399.08,391.5,397.02,3220455.98
2010-08-06,397.99,399.57,389.24,391.07,2695073.7
2010-08-09,389.47,399.66,382.66,397.92,4709692.0
2010-08-10,400.25,400.25,389.58,390.98,1708312.6
2010-08-11,389.85,394.82,386.59,388.1,4444646.04
2010-08-12,387.55,387.55,382.71,385.98,2518579.1
2010-08-13,387.59,390.26,378.99,386.41,2863309.8
2010-08-16,387.59,390.1,383.87,386.27,1458348.76
2010-08-17,384.46,389.4,381.71,384.51,1916161.08
2010-08-18,385.78,396.09,384.42,393.96,3193884.8
2010-08-19,395.27,398.39,392.25,394.4,2375344.28
2010-08-20,393.01,397.94,390.3,392.99,1930754.54
2010-08-23,388.94,395.93,387.61,393.65,1160655.46
2010-08-24,393.46,398.85,391.21,393.79,2930271.66
2010-08-25,394.37,398.67,391.8,394.01,2631209.64
2010-08-26,395.27,397.54,389.06,396.41,4648269.04
2010-08-27,394.42,394.82,384.88,387.16,1411269.38
2010-08-30,390.21,390.21,379.94,382.45,1723100.66
2010-08-31,379.9,383.38,375.46,381.59,2706284.18
2010-09-01,380.81,389.4,379.9,388.21,3035311.38
2010-09-02,392.34,392.34,380.58,381.75,3050033.12
2010-09-03,384.42,385.1,377.68,378.68,3071226.8
2010-09-06,378.99,387.81,378.99,386.84,2529508.72
2010-09-07,388.04,395.68,387.14,394.07,2746484.72
2010-09-08,390.75,399.31,388.44,397.56,4631740.82
2010-09-09,398.89,399.12,394.07,395.59,3248325.04
2010-09-13,394.07,402.06,393.79,397.87,2597425.8
2010-09-14,399.35,406.58,398.12,404.93,3395232.58
2010-09-15,407.03,415.81,406.58,413.73,6147377.76
2010-09-16,410.65,413.12,390.98,404.95,2580680.9
2010-09-17,407.08,415.52,407.08,413.27,3325515.62
2010-09-20,414.72,416.94,410.06,412.58,2674481.48
2010-09-21,412.47,433.26,411.69,431.43,5524712.44
2010-09-22,432.36,434.17,420.6,422.97,4456606.04
2010-09-23,425.12,427.52,419.61,421.21,3678476.14
2010-09-24,422.01,424.18,418.34,421.48,3027904.12
2010-09-27,422.86,425.78,416.98,419.52,3784670.1
2010-09-28,418.45,420.73,413.41,415.92,2787919.08
2010-09-29,418.34,423.88,413.77,416.24,3725968.98
2010-09-30,418.34,420.6,413.88,419.22,8359094.0
2010-10-01,419.24,436.88,416.98,434.89,3677282.1
2010-10-04,437.23,440.96,431.01,432.27,2366966.3
2010-10-05,429.64,436.86,427.9,429.76,2445138.62
2010-10-06,429.64,437.74,429.64,434.01,2033090.08
2010-10-07,434.17,436.88,424.41,429.11,2181213.7
2010-10-08,426.96,431.77,393.01,426.3,2980599.2
2010-10-11,426.3,431.43,420.18,425.53,3388966.22
2010-10-12,426.33,432.27,424.72,429.96,2884311.1
2010-10-13,432.34,451.22,429.24,449.03,5915441.28
2010-10-14,450.86,454.07,444.27,445.94,3260406.66
2010-10-15,451.81,457.24,427.38,429.78,6321398.14
2010-10-18,438.69,445.03,420.6,443.77,4953743.32
2010-10-19,444.12,446.56,436.03,437.68,2433251.58
2010-10-20,436.2,443.44,432.45,435.64,2439582.04
2010-10-21,440.53,449.48,438.69,446.01,4148471.76
2010-10-22,462.21,474.6,462.21,470.44,10624927.64
2010-10-25,471.71,485.25,469.08,482.54,5700643.2
2010-10-26,480.98,482.89,471.05,480.57,3877243.46
2010-10-27,479.4,482.47,471.96,474.06,2367437.28
2010-10-28,474.87,482.81,470.36,476.19,5810507.64
2010-10-29,479.4,479.4,466.28,476.19,2445950.1
2010-11-01,476.71,483.21,475.37,477.32,1266720.58
2010-11-02,478.04,480.31,472.92,475.53,1727781.38
2010-11-03,476.19,488.92,475.05,477.05,2447350.98
2010-11-04,481.21,488.74,480.99,484.45,1895135.12
2010-11-05,490.69,491.13,487.26,488.35,396106.46
2010-11-08,489.37,490.46,481.26,484.0,2481236.2
2010-11-09,486.61,497.84,484.16,494.4,3866636.6
2010-11-10,494.92,502.06,492.13,494.95,1699583.44
2010-11-11,493.9,493.9,479.51,482.46,2125379.7
2010-11-12,480.31,484.8,474.96,478.45,1988808.26
2010-11-15,482.58,489.3,477.14,483.02,1533150.0
2010-11-16,483.02,483.21,472.24,475.27,2403430.84
2010-11-18,485.75,485.75,471.24,472.52,3051257.56
2010-11-19,473.47,475.32,455.84,460.1,2397445.66
2010-11-22,460.37,472.6,458.33,470.84,2451056.42
2010-11-23,468.52,473.51,458.74,466.73,1858729.58
2010-11-24,464.45,468.75,452.65,455.27,3319893.92
2010-11-25,457.67,472.11,456.34,463.0,6460794.76
2010-11-26,464.45,477.59,464.45,474.54,3992144.74
2010-11-29,478.04,488.69,475.89,485.42,4986439.62
2010-11-30,480.54,492.11,477.18,487.55,5305910.4
2010-12-01,482.12,495.35,482.12,490.23,4166719.54
2010-12-02,494.36,498.07,487.12,496.53,4519479.68
2010-12-03,495.28,504.32,494.42,497.23,2240157.76
2010-12-06,498.43,502.97,496.3,499.21,2130740.36
2010-12-07,498.43,498.43,490.32,492.77,2381635.22
2010-12-08,494.34,495.24,485.4,488.99,2189420.42
2010-12-09,491.05,497.21,483.98,486.02,2846831.82
2010-12-10,483.48,491.11,478.94,487.06,2477967.72
2010-12-13,485.29,489.69,475.05,487.6,2333901.5
2010-12-14,486.29,493.72,482.19,489.8,2885936.42
2010-12-15,491.68,502.24,490.05,500.09,2838149.76
2010-12-16,502.51,518.37,500.31,516.87,4982921.78
2010-12-20,514.2,533.32,505.16,528.65,4981092.22
2010-12-21,529.7,531.17,522.9,525.98,3101445.34
2010-12-22,528.79,529.7,515.54,520.97,3516562.3
2010-12-23,521.09,525.42,512.98,516.55,3145895.12
2010-12-24,513.84,520.55,510.1,517.06,1792733.54
2010-12-27,518.82,525.37,515.75,517.1,1837198.76
2010-12-28,517.1,521.5,516.58,519.44,1117673.32
2010-12-29,520.63,526.52,519.76,524.24,1150218.92
2010-12-30,522.21,532.33,522.21,530.24,4243432.42
2010-12-31,531.29,534.68,526.44,528.18,1691589.94
